Date,BAJAJFINSV,ASIANPAINT,BAJFINANCE,ONGC,BHARTIARTL,SBILIFE,ICICIBANK,AXISBANK,TITAN,EICHERMOT,NESTLEIND,BRITANNIA,TCS,GRASIM,KOTAKBANK,INFY,HDFCLIFE,BPCL,HEROMOTOCO,MARUTI,UPL,BAJAJ,COALINDIA,CIPLA,RELIANCE,DIVISLAB,WIPRO,TATASTEEL,TECHM,HINDUNILVR,LTIM,APOLLOHOSP,SBIN,HDFCBANK,SUNPHARMA,ULTRACEMCO,HINDALCO,NTPC,TATAMOTORS,HCLTECH,TATACONSUM,M&M,ITC,POWERGRID,INDUSINDBK,ADANIENT,ADANIPORTS,JSWSTEEL,DRREDDY,LT
25-Aug-2023,1468.6,3224.9,7115.0,173.1,869.45,1293.05,962.95,974.0,3055.0,3341.0,22190.0,4544.6,3375.0,1760.0,1771.2,1413.0,630.0,351.3,2931.8,9554.0,585.0,4624.0,229.0,1217.95,2456.0,3641.7,410.0,118.0,1190.0,2567.0,5131.0,4900.0,573.8,1574.55,1118.0,8179.0,453.0,221.85,610.85,1165.0,840.0,1530.9,450.9,246.15,1417.95,2549.0,823.0,781.0,5890.0,2677.45
24-Aug-2023,1480.0,3185.0,7150.0,175.5,873.0,1299.9,972.5,984.8,3075.7,3365.0,22283.0,4538.3,3408.0,1805.0,1789.0,1421.5,635.0,347.45,2955.0,9661.65,589.0,4689.0,231.85,1235.2,2539.9,3710.0,418.75,119.5,1206.2,2585.0,5219.0,4955.0,578.15,1593.3,1123.6,8211.0,464.0,222.0,618.0,1188.95,845.0,1550.05,450.6,250.0,1408.25,2580.0,834.0,800.0,5980.0,2747.5
23-Aug-2023,1474.0,3186.0,7100.0,177.0,877.0,1289.95,954.0,962.0,3075.6,3343.4,22100.0,4555.0,3388.0,1810.0,1769.8,1416.0,638.0,349.15,2969.0,9519.0,585.0,4640.0,231.25,1252.05,2524.2,3671.0,417.25,117.85,1213.2,2575.0,5155.05,4958.0,571.0,1580.0,1128.0,8209.9,454.7,222.9,622.75,1192.95,848.0,1546.05,455.6,250.0,1401.15,2720.0,858.55,799.0,5920.0,2689.55
22-Aug-2023,1485.0,3198.6,7051.05,176.05,871.0,1284.35,956.4,953.85,3084.95,3361.2,22034.35,4524.8,3400.0,1810.0,1769.0,1404.7,625.0,352.1,2940.0,9420.2,590.0,4617.95,230.4,1233.8,2516.9,3665.25,415.0,117.15,1218.85,2573.6,5170.0,4947.9,572.5,1596.35,1135.0,8222.05,449.75,219.25,621.8,1182.0,847.0,1538.0,449.0,248.0,1403.0,2668.85,863.9,799.9,5919.0,2668.0
21-Aug-2023,1455.0,3159.9,6801.0,175.3,855.65,1282.95,950.7,944.2,3051.0,3344.95,21830.0,4555.95,3375.0,1790.95,1751.0,1389.75,625.0,352.9,2929.0,9455.55,582.0,4603.0,227.45,1237.45,2539.95,3650.05,411.8,116.75,1205.0,2554.75,5086.0,4881.0,572.95,1600.5,1129.95,8214.4,443.0,217.2,617.0,1172.95,846.0,1546.0,442.0,242.3,1375.0,2588.0,840.1,793.0,5870.25,2641.85
18-Aug-2023,1470.0,3174.9,6893.5,177.65,856.7,1278.55,947.9,934.85,3070.6,3298.0,21667.45,4499.0,3410.0,1795.0,1757.1,1403.7,623.0,356.95,2989.7,9350.0,584.0,4649.55,228.5,1239.0,2531.25,3661.75,415.05,116.3,1225.95,2532.1,5100.0,4874.95,570.0,1587.55,1141.0,8200.0,447.5,215.8,612.8,1173.0,845.0,1568.75,441.0,243.65,1369.0,2477.5,807.0,789.9,5899.5,2650.0
17-Aug-2023,1473.0,3223.9,7020.0,178.7,857.2,1286.5,956.95,935.95,3018.0,3319.0,21900.0,4498.5,3455.0,1810.0,1782.0,1420.0,625.15,359.0,2997.4,9414.9,589.0,4576.05,233.7,1235.0,2567.1,3700.0,418.65,115.9,1225.0,2552.6,5188.0,4940.5,565.75,1597.6,1143.65,8225.1,443.0,219.45,620.0,1176.85,835.0,1573.0,450.0,248.05,1381.15,2454.95,778.0,794.85,5871.35,2691.05
16-Aug-2023,1482.0,3194.9,6994.0,176.3,870.0,1295.0,954.45,935.95,3005.0,3346.95,22130.0,4488.6,3450.0,1812.0,1787.0,1410.8,627.1,356.75,3005.0,9334.0,590.3,4577.0,234.0,1231.55,2551.0,3731.0,414.15,117.95,1221.0,2534.0,5199.0,4800.0,558.8,1583.1,1134.95,8004.95,447.0,212.95,606.7,1175.75,840.9,1559.05,451.0,244.6,1384.0,2450.0,786.0,803.7,5830.0,2669.0
14-Aug-2023,1496.0,3185.35,7040.0,180.0,870.5,1314.0,949.0,935.0,3020.35,3372.0,21844.25,4519.7,3440.7,1824.95,1789.0,1371.85,632.1,358.0,3009.9,9360.0,600.0,4576.0,236.0,1250.2,2539.0,3645.1,413.25,120.3,1212.1,2501.8,5090.0,4863.0,572.95,1611.0,1131.0,8129.8,458.6,213.3,612.0,1170.65,838.85,1544.95,448.75,244.85,1395.0,2480.0,781.0,815.0,5829.95,2637.0
11-Aug-2023,1518.95,3237.9,7143.85,178.9,872.0,1340.0,963.4,937.5,2988.5,3420.0,21989.75,4540.0,3438.1,1828.8,1798.0,1392.0,640.0,359.3,3044.9,9397.6,611.0,4636.6,234.0,1258.3,2532.45,3732.95,418.65,120.3,1235.8,2535.0,5115.0,4930.0,575.45,1638.4,1150.05,8125.0,467.0,214.9,619.75,1160.0,849.7,1548.55,453.9,245.5,1431.75,2550.05,806.9,830.0,5854.0,2642.05
10-Aug-2023,1512.55,3310.0,7100.05,178.1,882.0,1344.95,971.55,948.0,2958.0,3412.0,22163.0,4601.0,3450.0,1835.1,1825.75,1391.6,645.0,361.85,3051.4,9463.1,615.95,4670.0,234.75,1266.0,2524.95,3743.8,417.1,120.0,1220.0,2549.05,5085.0,4981.4,573.75,1647.05,1150.6,8134.0,468.0,219.2,623.0,1140.0,861.15,1534.5,458.9,240.55,1402.45,2510.0,793.0,825.0,5880.1,2640.1
09-Aug-2023,1525.0,3332.55,7200.0,173.35,885.0,1366.0,974.95,952.0,2924.0,3375.0,22280.0,4619.9,3464.9,1844.95,1834.0,1384.0,646.0,360.0,3079.85,9540.0,604.0,4650.5,233.25,1270.0,2504.85,3860.0,415.5,118.35,1206.95,2565.85,5075.0,5023.35,575.0,1653.0,1151.15,8160.0,454.75,218.45,610.6,1140.95,851.0,1505.0,452.35,243.0,1405.0,2488.35,792.7,801.7,5671.1,2635.0
08-Aug-2023,1509.5,3343.0,7135.0,172.9,892.0,1306.9,975.75,950.0,2918.0,3344.0,22470.0,4632.75,3484.05,1857.7,1831.5,1392.85,650.0,362.5,3005.0,9539.95,608.4,4670.1,233.0,1225.0,2528.0,3925.05,412.4,119.0,1186.0,2569.2,5058.0,5017.0,571.0,1651.7,1162.2,8175.45,464.85,220.3,612.55,1154.9,839.0,1530.0,457.0,245.25,1415.25,2563.25,793.75,815.05,5652.0,2639.05
07-Aug-2023,1498.0,3316.05,7162.0,174.3,885.15,1273.0,970.95,952.25,2919.95,3359.95,22454.5,4751.0,3453.95,1826.9,1845.0,1387.9,645.0,363.0,2950.0,9490.0,604.5,4743.55,234.75,1195.0,2521.0,3762.9,409.95,119.6,1180.0,2540.0,4956.0,4980.3,577.0,1663.1,1138.95,8188.3,459.2,219.7,619.0,1154.55,836.95,1489.0,454.1,248.8,1410.0,2550.95,777.05,808.0,5660.0,2628.0
04-Aug-2023,1501.95,3338.15,7139.0,173.35,869.0,1258.95,968.65,947.0,2919.95,3420.0,22495.95,4790.0,3401.25,1830.55,1829.0,1368.9,635.95,368.15,2977.0,9560.0,604.5,4830.0,232.8,1171.0,2498.8,3726.3,400.85,119.4,1153.95,2551.3,4885.0,5025.0,594.8,1635.15,1129.0,8178.0,464.0,221.7,624.85,1130.45,837.05,1481.0,456.3,248.0,1370.05,2545.3,776.45,808.0,5659.6,2605.0
03-Aug-2023,1522.9,3370.0,7175.0,175.25,875.0,1259.95,976.55,944.1,2937.95,3332.3,22887.95,4809.95,3420.0,1808.0,1820.1,1350.0,637.1,369.45,2972.0,9598.85,612.5,4837.0,234.55,1166.05,2475.3,3700.0,402.0,118.7,1140.0,2557.95,4860.0,4960.0,598.7,1640.0,1130.25,8285.1,450.0,219.1,623.0,1126.0,840.0,1485.0,460.1,249.0,1376.25,2469.9,761.45,804.25,5645.0,2615.0
02-Aug-2023,1572.0,3341.2,7290.0,177.0,883.2,1280.0,985.25,951.5,3005.65,3430.0,22690.0,4839.0,3434.95,1832.7,1840.55,1369.3,642.75,377.8,3061.0,9715.0,628.8,4913.4,241.15,1185.0,2509.2,3630.0,405.9,122.9,1143.0,2538.0,4975.0,5033.0,609.85,1642.0,1143.95,8268.0,460.0,225.05,644.0,1137.0,855.0,1493.35,464.6,252.9,1390.0,2493.0,767.0,817.0,5667.1,2638.0
01-Aug-2023,1598.3,3372.0,7300.3,175.3,894.5,1285.0,1001.65,956.0,3024.85,3375.0,22608.3,4825.1,3415.0,1852.0,1850.0,1362.0,641.15,377.5,3224.95,9760.0,621.0,4941.75,230.0,1175.0,2555.0,3705.0,405.5,123.55,1120.0,2570.0,4929.0,5210.0,620.2,1654.45,1143.4,8347.0,465.0,219.55,645.0,1120.0,861.9,1475.2,466.0,262.0,1420.75,2504.85,778.95,823.0,5639.85,2681.35
31-Jul-2023,1565.8,3323.2,7345.0,172.8,894.0,1296.95,996.0,954.7,2950.0,3350.0,22650.0,4905.1,3364.4,1830.0,1866.0,1348.75,652.0,373.7,3189.75,9670.3,625.0,4895.5,228.5,1181.8,2527.85,3640.0,399.75,120.6,1095.0,2575.05,4840.4,5339.95,616.65,1650.05,1140.0,8329.0,453.05,212.2,640.2,1108.0,859.35,1476.8,469.0,262.0,1409.35,2477.0,758.65,806.2,5584.55,2655.0
28-Jul-2023,1625.0,3375.0,7319.0,170.7,899.9,1301.95,988.0,959.9,3008.15,3349.8,22325.3,4904.0,3385.0,1818.5,1869.6,1353.85,663.0,379.8,3146.95,9739.0,628.0,4855.0,229.6,1171.45,2512.05,3769.0,401.05,120.2,1100.0,2570.0,4870.0,5177.0,616.4,1661.5,1129.95,8295.0,450.5,201.85,646.0,1114.05,854.25,1460.0,467.7,251.8,1415.2,2437.0,750.0,795.0,5512.0,2660.15
27-Jul-2023,1641.5,3390.0,7577.9,173.45,889.35,1295.0,1002.55,989.35,3013.95,3360.0,22859.2,4965.0,3394.95,1842.15,1889.0,1358.6,658.6,390.0,3107.55,9770.0,634.2,4899.0,231.0,1115.0,2534.05,3694.0,404.0,120.25,1111.0,2561.0,4890.0,5146.75,616.4,1699.9,1128.0,8352.0,451.0,201.75,647.0,1115.0,875.95,1499.0,474.4,252.0,1433.2,2470.75,753.9,806.0,5530.0,2668.95
26-Jul-2023,1649.4,3399.85,7635.0,173.85,886.5,1290.0,993.1,966.85,3044.9,3347.45,22790.9,4900.0,3400.35,1833.0,1880.0,1343.0,652.0,387.9,3164.95,9761.5,628.0,4890.0,230.55,1060.0,2485.0,3743.0,403.5,119.8,1158.0,2579.5,4889.0,5196.0,612.0,1699.6,1097.05,8415.9,449.5,201.5,640.0,1110.2,873.95,1570.15,464.9,253.9,1421.45,2472.45,752.95,807.45,5440.0,2591.0
25-Jul-2023,1664.9,3547.9,7649.4,172.0,888.0,1318.0,999.0,977.65,2980.0,3325.55,23140.0,5007.0,3397.5,1814.0,1901.0,1337.0,653.15,387.8,3179.0,9624.0,635.0,4884.5,232.3,1058.0,2494.0,3695.0,405.5,115.0,1164.0,2580.2,4890.0,5153.8,621.8,1684.65,1110.0,8244.7,436.15,196.5,636.0,1118.5,863.1,1551.45,467.9,248.95,1437.0,2428.0,737.65,778.0,5420.0,2616.0
24-Jul-2023,1630.0,3506.0,7581.65,171.65,885.0,1290.7,1004.95,973.45,2978.0,3318.0,22980.15,5047.0,3381.0,1796.0,1950.0,1341.0,653.6,390.4,3129.9,9770.05,637.8,4862.0,229.0,1048.95,2481.0,3688.25,406.3,116.5,1196.5,2604.0,4922.75,5144.0,615.05,1678.5,1094.0,8200.0,434.0,195.5,627.95,1120.0,854.0,1522.0,493.45,244.05,1408.5,2430.0,730.0,789.0,5278.25,2637.65
21-Jul-2023,1633.0,3535.95,7596.6,167.35,878.1,1314.8,995.3,971.6,2990.75,3314.8,23014.95,5061.55,3404.05,1820.0,1951.9,1320.2,662.5,387.95,3079.05,9720.0,640.0,4842.1,229.6,1048.9,2609.0,3661.0,405.0,116.6,1199.5,2650.0,4895.0,5130.05,610.0,1680.0,1103.4,8244.0,441.45,192.8,621.0,1110.0,873.7,1548.95,491.8,243.25,1422.05,2410.0,728.8,798.0,5323.3,2522.0
20-Jul-2023,1650.9,3510.05,7551.0,167.0,871.0,1315.0,976.05,963.9,3002.25,3343.0,22941.0,5070.0,3453.1,1785.0,1901.0,1471.0,660.0,385.95,3095.95,9620.0,642.0,4828.0,228.65,1038.95,2580.0,3650.0,418.5,116.7,1245.0,2669.05,5005.0,5170.0,601.4,1681.15,1086.05,8349.95,442.0,192.7,622.65,1160.0,860.0,1550.05,479.9,243.95,1426.0,2428.95,733.45,795.0,5249.0,2494.0
19-Jul-2023,1618.3,3520.0,7441.95,167.2,875.45,1314.6,980.0,964.0,3010.1,3349.0,22950.0,5081.95,3500.0,1772.1,1894.8,1486.0,658.0,380.0,3125.0,9651.0,642.4,4881.0,229.2,1030.0,2830.0,3626.65,420.0,116.7,1255.0,2682.75,5030.0,5162.6,594.65,1681.1,1067.15,8166.0,444.0,191.0,614.0,1165.0,864.95,1530.2,472.75,241.0,1430.0,2428.65,731.9,796.0,5184.0,2474.6
18-Jul-2023,1618.35,3460.0,7520.0,166.4,877.05,1315.0,978.0,964.0,3033.45,3355.0,23190.0,5150.0,3476.0,1790.05,1895.35,1434.0,667.0,383.95,3099.0,9710.2,645.6,4845.55,229.7,1032.65,2817.0,3670.0,418.0,118.0,1243.0,2685.55,5050.0,5206.5,603.05,1698.0,1078.45,8225.0,447.0,187.0,620.4,1158.95,854.2,1536.0,472.55,241.0,1398.0,2415.0,731.0,799.8,5203.5,2469.0
17-Jul-2023,1620.0,3429.75,7520.0,167.8,886.0,1321.0,962.9,960.0,3070.0,3350.0,23200.0,5149.95,3510.0,1753.2,1871.2,1425.95,672.95,380.0,3144.65,9647.0,643.0,4883.95,231.0,1036.2,2747.0,3684.0,407.0,117.95,1235.9,2670.0,5125.0,5152.2,587.0,1650.0,1073.7,8207.0,447.8,188.45,626.9,1151.95,855.1,1559.0,474.5,242.5,1380.0,2399.9,730.2,805.65,5099.65,2475.0
14-Jul-2023,1623.15,3398.55,7474.0,169.0,885.0,1320.5,959.75,964.45,3093.65,3275.0,22820.75,5118.0,3365.0,1762.55,1870.1,1380.65,683.85,380.0,3078.9,9701.95,632.0,4894.95,230.0,1026.15,2750.0,3659.0,394.75,115.7,1183.95,2655.0,4925.0,5180.0,586.75,1653.6,1079.95,8299.0,441.0,187.95,623.0,1114.2,838.95,1562.7,473.0,243.0,1376.2,2375.0,718.65,807.9,5155.0,2450.25
13-Jul-2023,1595.0,3425.0,7469.95,168.65,891.35,1312.0,947.7,956.3,3113.95,3305.0,23060.05,5089.9,3284.0,1779.0,1889.0,1334.9,676.0,386.7,3078.85,9852.95,642.5,4921.0,235.0,1027.85,2783.9,3646.0,391.85,116.0,1159.4,2684.95,4805.0,5289.9,594.9,1656.7,1081.9,8268.0,430.2,191.8,625.0,1100.0,847.0,1576.0,473.9,251.75,1384.0,2397.0,724.95,810.7,5190.0,2466.0
12-Jul-2023,1595.65,3408.0,7469.9,165.95,889.95,1291.0,948.4,956.7,3114.0,3272.0,22939.0,5083.9,3280.95,1767.65,1874.9,1351.0,675.9,390.5,3099.9,9895.0,647.85,4929.0,235.0,1025.0,2766.3,3650.0,393.9,115.15,1166.0,2704.95,4961.0,5261.65,589.0,1655.35,1075.0,8364.0,425.5,193.75,629.95,1119.7,844.95,1569.0,477.75,254.0,1371.95,2429.9,731.85,804.5,5150.0,2480.3
11-Jul-2023,1598.0,3349.95,7567.0,163.25,890.0,1298.75,948.4,967.9,3062.85,3197.95,22610.0,5050.0,3295.0,1743.8,1874.0,1333.45,671.0,388.0,3099.0,9796.0,654.95,4938.5,233.8,1018.95,2752.9,3661.0,390.0,115.6,1154.65,2657.1,4997.75,5200.0,595.0,1663.0,1052.0,8395.3,429.25,192.65,624.95,1131.75,826.0,1558.25,466.0,252.0,1372.0,2423.75,723.95,815.55,5144.0,2447.2
10-Jul-2023,1611.95,3345.0,7622.35,163.9,867.0,1300.7,946.0,976.7,3155.0,3210.0,22869.0,5073.0,3324.75,1754.85,1853.0,1336.55,660.0,392.0,3156.45,9854.0,666.5,4849.0,235.0,1024.0,2688.9,3685.0,395.85,112.25,1159.95,2709.9,5099.0,5179.85,594.65,1661.0,1036.0,8350.0,423.0,192.65,624.0,1160.0,841.5,1567.0,470.0,255.45,1361.25,2392.8,722.0,789.0,5194.95,2450.0
07-Jul-2023,1611.85,3385.0,7720.0,165.5,865.0,1292.6,953.0,976.25,3140.0,3210.55,23155.05,5173.55,3302.0,1768.05,1872.0,1334.0,660.6,393.0,3150.0,9854.0,672.85,4875.5,232.0,1009.45,2635.0,3717.0,395.0,112.0,1170.0,2753.1,5190.0,5274.95,590.0,1665.0,1033.5,8417.95,423.9,196.75,600.0,1178.15,845.05,1546.9,473.0,262.55,1384.55,2395.0,739.95,796.0,5230.0,2482.75
06-Jul-2023,1615.05,3410.0,7776.0,162.8,864.35,1298.0,954.7,961.0,3100.0,3250.0,22935.0,5199.0,3306.55,1777.9,1860.0,1342.55,674.55,386.55,3139.0,9999.95,671.0,4890.0,231.4,1012.0,2576.05,3746.7,394.5,112.0,1175.0,2759.9,5255.0,5090.0,590.4,1673.0,1040.0,8415.0,418.95,193.5,590.8,1194.8,845.9,1477.85,477.35,259.95,1395.25,2399.15,742.4,804.45,5178.45,2468.1
05-Jul-2023,1631.0,3351.35,7879.95,162.0,868.0,1289.55,942.05,969.0,3075.0,3410.8,22586.0,5024.8,3320.0,1770.0,1862.8,1357.85,647.0,376.65,3050.0,9697.0,679.0,4647.95,231.8,1017.0,2609.0,3576.4,394.1,112.55,1150.8,2699.95,5425.0,5125.0,589.8,1716.25,1055.0,8429.95,425.0,194.0,592.0,1194.0,859.0,1463.95,466.35,249.7,1371.35,2391.0,741.0,796.7,5185.0,2461.0
04-Jul-2023,1565.1,3358.7,7650.0,162.5,873.8,1320.0,947.25,982.1,3041.5,3555.05,22748.0,5008.3,3290.0,1800.0,1850.0,1344.3,654.4,375.3,2951.1,9700.0,684.9,4611.95,232.25,1007.95,2625.0,3600.0,393.75,113.2,1123.55,2701.05,5209.9,5119.9,588.2,1723.45,1040.0,8498.0,427.95,191.1,594.4,1182.0,858.65,1487.0,465.0,252.5,1389.0,2397.0,740.05,798.0,5114.9,2458.2
03-Jul-2023,1528.0,3365.0,7160.6,160.3,880.0,1307.95,937.0,990.0,3050.1,3590.95,22950.0,5035.0,3314.3,1750.0,1856.0,1330.0,651.0,365.2,2875.0,9742.05,688.4,4685.2,231.5,1020.5,2558.05,3586.8,393.9,112.25,1136.0,2687.0,5226.0,5127.5,574.5,1712.5,1053.0,8383.0,424.0,190.0,600.0,1190.0,866.95,1470.0,451.6,254.55,1379.95,2405.0,744.5,788.0,5159.6,2478.2
30-Jun-2023,1521.0,3353.0,7100.0,161.0,880.0,1301.05,940.5,977.1,3046.0,3540.1,22750.0,4990.2,3220.0,1745.0,1847.9,1308.2,652.0,365.85,2839.95,9569.0,681.0,4636.0,227.9,1009.9,2546.4,3615.0,385.0,111.6,1114.65,2665.95,5125.0,5128.0,574.0,1704.0,1021.75,8300.0,419.85,188.1,588.35,1170.35,850.05,1402.65,450.0,256.5,1341.9,2437.95,752.8,786.3,5116.0,2420.0
28-Jun-2023,1530.0,3331.0,7054.35,157.85,869.5,1290.0,944.0,979.0,2995.0,3545.0,22670.0,4989.0,3208.0,1735.95,1846.0,1290.0,667.2,360.55,2850.0,9475.45,675.85,4630.0,225.15,1007.0,2513.0,3585.05,383.75,111.5,1120.0,2652.95,5209.0,5145.0,572.25,1670.0,995.0,8201.1,419.75,186.05,579.0,1173.45,854.5,1408.95,445.0,250.8,1325.0,2300.0,722.95,768.0,5025.55,2400.0
27-Jun-2023,1512.0,3275.0,7030.0,158.85,856.5,1268.5,930.0,967.0,2973.0,3545.1,22631.35,5000.55,3202.0,1726.05,1827.7,1280.0,641.0,361.0,2858.0,9490.0,679.0,4633.9,226.35,1024.0,2496.55,3535.0,384.25,110.6,1109.0,2652.1,5015.0,5040.0,558.25,1642.95,999.95,8184.95,416.0,184.9,570.0,1167.0,863.95,1406.7,446.1,248.1,1318.75,2328.95,724.35,750.0,5041.6,2387.45
26-Jun-2023,1504.45,3295.0,6990.0,157.0,857.35,1266.95,927.1,959.5,2940.0,3549.95,22520.05,4978.95,3205.0,1716.0,1831.95,1270.25,619.95,361.85,2776.4,9327.3,672.65,4624.75,226.0,989.35,2507.0,3468.95,380.0,109.6,1112.2,2642.15,4954.9,5049.95,556.0,1645.0,994.0,8060.0,410.0,187.4,560.0,1167.25,854.0,1375.0,446.9,250.0,1314.8,2210.05,710.0,749.9,4989.9,2398.1
23-Jun-2023,1507.5,3265.0,7020.95,159.0,844.0,1271.2,926.05,960.0,2972.5,3564.7,22532.9,4972.05,3237.3,1749.95,1833.0,1276.45,642.45,370.2,2825.25,9420.0,674.75,4613.1,227.1,999.95,2528.9,3527.0,382.3,110.5,1114.0,2651.3,4999.95,5084.4,562.0,1637.55,994.0,8163.2,416.0,184.55,570.0,1161.9,842.0,1376.9,447.5,253.6,1272.7,2392.3,741.0,750.0,4901.0,2418.95
22-Jun-2023,1523.0,3325.0,7200.1,160.2,836.7,1295.9,924.4,962.2,2975.0,3587.85,22800.0,5065.0,3260.0,1786.1,1845.55,1289.4,642.5,371.4,2830.0,9439.05,686.1,4664.05,228.4,1003.1,2556.0,3509.55,386.0,110.6,1116.9,2668.65,5024.8,5129.9,566.35,1640.0,987.1,8277.0,421.9,187.5,584.0,1170.15,862.0,1379.0,448.0,258.0,1286.6,2425.1,755.0,754.2,4911.55,2394.6
21-Jun-2023,1525.9,3318.7,7275.0,157.0,832.0,1295.35,928.0,978.3,2974.0,3576.0,22956.1,5070.6,3250.0,1770.0,1847.05,1299.95,645.0,372.45,2801.0,9502.0,683.5,4678.0,227.8,1010.2,2557.0,3555.05,384.25,114.9,1107.35,2685.95,5045.0,5169.85,567.4,1616.0,991.95,8252.4,428.95,187.5,584.95,1175.0,859.0,1394.05,452.0,248.8,1297.75,2426.7,739.9,773.15,4921.95,2382.0
20-Jun-2023,1543.2,3315.0,7376.15,157.55,828.1,1281.85,920.95,965.95,2972.7,3504.8,22794.85,5021.05,3214.0,1767.0,1820.0,1294.0,627.0,375.0,2775.0,9530.0,685.0,4585.0,227.75,1013.85,2547.55,3585.0,381.8,114.1,1093.6,2670.0,5068.0,5174.95,568.85,1604.15,1007.65,8268.0,426.15,186.0,566.05,1133.0,857.0,1402.6,454.8,243.85,1295.0,2435.0,738.0,772.2,4879.0,2364.95
19-Jun-2023,1522.95,3318.85,7211.95,157.9,840.0,1281.35,933.5,983.85,2967.0,3567.8,23025.0,5050.0,3190.0,1789.25,1863.85,1294.0,609.95,377.0,2820.0,9638.0,694.95,4645.0,228.5,1006.25,2584.0,3581.85,382.0,115.45,1079.0,2702.0,5011.0,5220.0,571.25,1611.0,995.15,8358.0,424.25,188.2,570.65,1148.2,866.45,1409.5,454.75,246.45,1310.0,2504.0,749.9,780.5,4951.0,2379.0
16-Jun-2023,1479.0,3291.75,7170.0,158.25,822.5,1241.0,929.3,982.8,2911.8,3550.0,22966.2,4975.45,3197.0,1778.4,1836.95,1287.0,577.8,377.0,2843.0,9595.05,681.3,4695.0,228.5,1000.0,2560.2,3603.05,385.55,114.4,1083.5,2689.7,5000.35,5218.75,568.75,1587.15,990.0,8364.95,427.7,186.9,569.65,1150.0,868.0,1399.0,449.0,246.4,1297.1,2499.2,741.0,776.95,4844.85,2363.75
15-Jun-2023,1479.95,3276.0,7095.0,157.5,827.0,1245.0,940.7,988.35,2911.05,3588.9,22728.75,4950.0,3245.3,1789.0,1867.95,1293.95,585.05,375.1,2939.9,9555.0,682.75,4741.9,229.2,981.95,2551.8,3499.95,397.1,113.9,1078.95,2713.95,4903.35,5039.95,576.0,1604.0,988.5,8380.0,424.9,187.0,571.8,1140.0,864.0,1381.8,445.0,246.95,1315.0,2469.0,737.3,778.0,4696.6,2355.0
14-Jun-2023,1490.0,3265.0,7182.0,156.1,832.0,1240.1,946.05,986.0,2920.0,3615.0,22525.0,4947.0,3243.7,1745.0,1855.95,1306.35,584.8,373.5,2952.45,9520.0,682.0,4751.1,229.9,981.5,2521.0,3495.0,396.3,111.5,1080.0,2671.0,4944.95,4965.0,577.0,1610.45,991.6,8308.95,427.0,185.35,566.0,1138.0,822.8,1374.0,446.25,242.1,1335.05,2469.9,736.35,761.55,4707.8,2352.9
13-Jun-2023,1470.0,3210.0,7100.0,155.2,838.1,1238.0,935.9,974.3,2859.9,3599.95,22349.0,4904.95,3260.0,1735.0,1875.35,1299.9,582.25,374.5,2917.0,9588.0,676.1,4770.0,230.0,963.0,2495.0,3438.45,397.95,110.0,1079.55,2629.6,4930.1,4925.0,579.45,1590.1,990.0,8212.5,419.0,186.0,567.7,1144.95,802.35,1383.15,441.0,242.0,1336.0,2499.0,741.0,755.0,4700.0,2345.85
12-Jun-2023,1473.0,3185.2,7050.15,154.85,834.85,1242.2,938.0,973.0,2884.95,3595.0,22050.0,4899.0,3215.0,1724.4,1874.85,1273.5,585.95,360.5,2906.3,9625.0,680.25,4749.95,228.25,973.25,2475.5,3309.0,399.8,109.15,1066.0,2645.0,4823.05,4949.0,580.0,1612.55,987.9,8160.5,417.95,182.8,567.0,1112.95,802.95,1377.9,440.0,245.0,1336.95,2460.0,735.2,754.6,4695.0,2365.0
09-Jun-2023,1471.0,3209.8,7012.75,156.7,838.55,1227.6,941.4,967.0,2890.0,3652.0,22100.9,4886.3,3245.0,1723.0,1862.0,1282.5,587.95,361.1,2987.9,9675.5,692.0,4800.65,228.95,966.0,2507.0,3481.05,399.45,111.25,1079.0,2688.95,4812.0,4926.65,588.0,1615.9,984.0,8158.0,421.85,184.0,564.4,1129.1,810.7,1380.75,435.15,243.55,1299.0,2447.95,738.0,751.5,4681.05,2345.0
08-Jun-2023,1483.0,3220.0,7080.0,154.5,847.7,1247.7,936.6,973.05,2906.9,3727.1,22460.0,4901.9,3261.0,1772.0,1936.9,1286.2,594.45,367.6,2977.55,9733.0,695.0,4800.85,231.4,964.9,2506.0,3549.0,404.1,111.5,1101.0,2707.0,4895.0,5020.0,589.95,1603.25,1015.0,8170.0,423.95,178.75,570.0,1129.05,824.8,1412.7,445.7,239.25,1316.45,2450.0,744.95,729.75,4675.0,2316.95
07-Jun-2023,1483.0,3217.0,7120.0,153.6,828.9,1225.3,944.35,972.95,2895.0,3705.1,21749.9,4715.0,3253.0,1768.8,1972.0,1290.5,583.0,357.0,2917.95,9788.0,697.0,4736.95,228.75,972.95,2487.0,3555.0,402.4,109.5,1095.0,2690.0,4915.0,4964.45,588.0,1603.45,1015.0,8135.1,418.0,175.95,558.8,1133.8,794.0,1422.8,444.0,236.7,1309.95,2453.0,750.0,715.25,4650.0,2278.0
06-Jun-2023,1466.5,3207.75,7025.0,155.5,834.5,1219.85,946.5,951.1,2860.95,3680.1,21874.15,4682.6,3280.0,1739.9,1934.9,1288.6,574.15,357.05,2870.0,9629.0,691.0,4717.5,229.8,972.9,2483.45,3462.95,403.35,109.75,1100.0,2700.0,4890.0,4969.0,588.0,1607.65,1008.9,7888.0,419.7,174.5,549.45,1130.0,792.95,1395.4,440.8,236.45,1302.0,2475.0,742.9,714.0,4610.0,2269.0
05-Jun-2023,1469.0,3239.95,7070.0,155.5,838.5,1208.0,943.0,927.6,2875.0,3713.15,21999.05,4659.9,3315.0,1719.0,1945.0,1304.0,578.05,360.1,2910.05,9552.5,689.0,4688.0,230.5,970.0,2467.2,3517.95,408.9,108.65,1124.1,2716.45,5010.0,4967.95,588.5,1614.5,1005.35,7897.0,424.85,175.8,539.0,1144.0,796.95,1349.8,445.0,236.45,1295.0,2463.2,738.0,708.95,4631.0,2245.0
02-Jun-2023,1460.0,3239.4,7075.75,155.0,832.8,1211.8,943.0,922.65,2830.0,3720.0,22000.0,4637.0,3326.25,1708.05,1944.95,1309.0,585.3,364.6,2836.0,9389.0,679.0,4674.2,228.5,965.9,2471.0,3525.0,408.7,106.5,1128.0,2710.0,5020.0,4839.65,584.7,1612.45,986.55,7861.0,412.05,175.9,537.0,1148.0,795.5,1324.85,440.0,234.0,1282.4,2535.0,738.0,698.0,4568.95,2221.0
01-Jun-2023,1455.5,3235.35,7024.0,154.7,837.95,1241.5,954.25,922.0,2823.25,3713.7,21786.0,4655.0,3314.0,1715.0,1968.0,1322.55,593.45,365.3,2758.85,9337.5,685.0,4587.0,230.4,950.0,2480.15,3451.55,405.0,105.9,1122.0,2667.0,5018.75,4689.0,581.8,1619.9,979.8,7871.0,409.05,173.6,527.5,1148.0,798.9,1319.0,447.0,232.95,1280.0,2499.9,730.5,698.9,4509.85,2217.0
31-May-2023,1465.0,3151.95,7004.9,159.0,819.0,1215.55,949.5,937.35,2802.5,3678.35,21580.0,4571.0,3309.0,1723.5,1984.95,1319.85,603.0,360.4,2779.05,9449.95,684.25,4589.8,247.9,960.2,2500.0,3428.0,401.75,106.4,1098.4,2656.55,4989.05,4600.0,583.8,1629.9,965.0,7895.0,410.5,177.0,519.95,1134.8,787.05,1325.0,449.3,235.0,1289.0,2482.0,736.0,701.15,4510.0,2201.1
30-May-2023,1453.45,3146.9,6948.0,159.7,821.25,1214.65,945.35,930.8,2829.5,3711.45,21680.0,4583.0,3315.0,1714.0,1957.85,1315.0,576.0,363.0,2776.85,9380.0,691.0,4615.1,246.25,957.6,2520.6,3477.0,400.0,108.95,1115.0,2655.5,4999.0,4672.0,595.0,1633.6,965.0,7865.0,421.5,177.0,521.45,1129.0,792.55,1329.95,441.0,235.9,1284.95,2529.3,740.0,701.1,4556.25,2230.0
29-May-2023,1448.95,3147.2,6940.2,160.0,829.4,1198.95,953.85,931.0,2745.0,3700.0,21724.95,4611.45,3360.8,1688.3,1963.1,1332.7,577.3,364.3,2760.0,9435.0,690.0,4659.95,241.55,952.0,2521.0,3525.0,404.0,107.0,1128.05,2670.0,5043.0,4635.0,590.0,1628.5,969.95,7750.0,417.0,174.95,525.0,1146.0,791.0,1321.5,445.0,238.2,1272.2,2570.0,731.0,703.25,4547.9,2225.0
26-May-2023,1431.0,3123.0,6846.6,166.05,827.9,1175.0,939.8,918.0,2707.95,3649.0,21484.95,4582.0,3293.5,1701.9,1949.95,1306.0,572.0,365.0,2734.45,9333.0,676.0,4612.35,239.8,945.9,2458.0,3435.65,395.15,105.0,1099.0,2603.75,4925.0,4590.0,581.25,1619.0,943.95,7670.0,405.1,175.0,514.9,1115.0,784.0,1290.0,443.4,237.85,1256.45,2565.0,729.1,696.65,4505.05,2209.0
25-May-2023,1421.1,3101.5,6778.0,166.25,799.6,1175.35,937.0,916.7,2714.45,3610.9,21500.0,4580.0,3294.0,1694.95,1918.0,1294.5,566.0,363.0,2738.95,9220.75,682.5,4505.65,241.25,941.45,2433.9,3371.05,399.0,105.0,1097.0,2610.0,4850.0,4569.0,582.0,1615.7,949.7,7644.3,404.5,174.95,518.0,1109.2,765.05,1280.0,436.95,237.7,1268.95,2440.0,717.0,693.0,4533.9,2190.0
24-May-2023,1437.25,3115.0,6769.0,165.0,802.9,1169.5,946.7,911.15,2675.0,3600.0,21403.7,4538.2,3276.0,1695.0,1921.95,1296.3,562.6,366.55,2711.0,9168.0,680.65,4505.55,238.3,923.5,2445.9,3360.0,394.5,105.1,1085.25,2620.0,4829.0,4540.95,579.8,1627.55,935.5,7650.0,408.9,174.0,527.15,1099.05,767.4,1260.0,428.3,237.8,1255.0,2709.0,739.0,700.0,4465.0,2200.0
23-May-2023,1415.6,3087.0,6810.05,165.6,808.95,1147.0,952.0,917.55,2719.95,3545.45,21450.0,4487.0,3306.0,1717.0,1940.2,1299.2,567.7,367.0,2692.15,9169.0,670.45,4534.95,238.95,926.4,2460.65,3241.05,397.0,105.1,1104.0,2632.0,4988.0,4605.0,578.9,1649.0,937.5,7675.0,409.2,174.95,522.5,1120.0,766.05,1265.55,426.0,234.05,1246.0,2410.9,744.3,710.0,4458.1,2225.6
22-May-2023,1411.0,3070.0,6784.2,164.1,801.0,1157.45,951.05,923.0,2701.6,3569.95,21699.0,4500.0,3230.0,1713.1,1945.0,1272.95,557.0,361.95,2710.55,9090.0,668.0,4494.95,239.4,916.25,2435.0,3099.95,386.5,105.0,1072.0,2635.0,4817.0,4459.8,577.5,1645.0,925.85,7655.0,406.0,173.3,524.95,1095.35,765.45,1259.25,421.95,234.7,1247.0,2010.0,698.9,692.0,4409.0,2190.0
19-May-2023,1422.1,3124.0,6800.0,166.2,799.35,1152.7,951.45,920.9,2719.95,3566.15,21800.0,4588.0,3210.0,1710.0,1930.0,1256.05,564.9,360.1,2740.65,9060.0,674.0,4534.0,240.0,917.0,2434.05,3144.0,384.8,105.6,1056.55,2628.65,4751.65,4455.0,579.0,1648.0,932.0,7637.0,408.0,175.0,509.8,1088.6,771.9,1252.9,420.95,235.65,1243.0,1888.0,664.0,696.0,4427.95,2192.0
18-May-2023,1422.35,3105.65,6759.8,167.5,797.95,1162.6,947.95,920.0,2782.0,3636.0,21850.0,4650.0,3225.95,1729.3,1924.0,1258.6,564.0,366.0,2745.05,9144.95,679.0,4539.95,242.0,929.0,2449.55,3284.0,385.2,106.5,1059.0,2665.5,4749.8,4510.0,590.3,1648.0,943.0,7744.8,411.0,177.0,518.8,1081.95,783.4,1269.95,430.0,241.0,1248.0,1910.05,689.7,700.8,4492.0,2230.0
17-May-2023,1430.4,3136.0,6785.0,168.0,788.0,1182.8,947.3,917.7,2785.0,3624.0,21780.4,4610.0,3255.95,1729.3,1949.8,1260.6,562.0,366.75,2688.95,9080.35,673.25,4550.0,240.95,924.95,2463.0,3284.15,386.2,107.4,1058.0,2672.0,4744.0,4580.05,586.0,1650.0,941.25,7717.0,411.8,177.45,522.5,1090.5,786.25,1265.0,424.15,240.9,1217.05,1900.0,687.25,701.35,4519.8,2224.35
16-May-2023,1429.9,3132.0,6720.0,168.3,800.85,1196.0,950.0,916.2,2785.0,3669.0,21875.0,4632.0,3256.2,1735.65,1978.0,1265.0,562.2,358.25,2699.95,9219.1,677.0,4583.5,238.75,927.4,2494.0,3277.95,387.5,108.2,1069.9,2670.0,4720.0,4625.0,584.0,1671.8,953.0,7770.0,413.6,176.9,533.95,1100.2,787.5,1287.0,430.0,243.55,1219.55,1927.0,694.05,710.45,4523.0,2254.6
15-May-2023,1424.0,3134.2,6714.4,165.5,793.0,1181.1,943.75,910.65,2774.0,3630.0,21820.0,4647.85,3284.0,1754.0,1957.05,1249.9,559.9,362.0,2627.0,9242.0,679.4,4569.0,234.6,940.0,2489.9,3306.35,383.25,107.05,1046.0,2637.95,4682.0,4609.95,578.75,1672.0,953.0,7728.9,408.5,174.0,523.85,1098.95,789.0,1279.9,420.0,243.4,1208.6,1959.9,699.8,701.9,4470.15,2220.9
12-May-2023,1420.0,3139.0,6650.0,168.15,787.5,1180.0,939.75,895.2,2760.8,3520.0,22019.0,4634.0,3279.15,1773.0,1954.0,1253.35,567.4,371.9,2595.0,9260.95,685.05,4545.0,236.15,948.85,2469.8,3311.0,384.6,108.35,1044.05,2594.0,4640.0,4595.0,574.7,1647.0,961.0,7839.95,419.0,179.1,513.9,1086.0,788.0,1256.4,420.4,248.85,1192.5,2009.0,712.0,699.9,4544.95,2222.65
11-May-2023,1421.0,3052.05,6659.0,166.1,794.55,1189.1,940.05,891.0,2758.0,3424.85,22099.0,4610.2,3309.0,1774.4,1970.0,1270.25,562.05,373.15,2600.0,9242.95,682.2,4594.0,236.55,946.45,2498.95,3410.0,385.7,109.2,1055.0,2536.95,4665.0,4610.95,572.2,1665.15,953.8,7790.0,434.0,177.6,512.0,1082.15,791.15,1250.0,427.25,247.7,1175.0,1925.0,694.0,727.5,4675.0,2300.0
10-May-2023,1419.0,3042.95,6590.95,165.25,797.0,1184.4,934.6,892.0,2760.0,3396.6,21971.35,4629.7,3290.0,1764.9,1960.0,1276.4,553.4,368.0,2600.0,9128.8,695.8,4555.0,236.95,943.5,2490.0,3400.0,384.0,109.6,1048.0,2521.0,4637.95,4593.05,575.0,1644.5,957.0,7760.0,441.0,176.0,508.0,1084.15,789.0,1250.0,423.95,245.15,1155.0,1899.0,692.0,725.0,4964.85,2387.0
09-May-2023,1410.95,3016.05,6650.0,165.0,796.9,1183.95,941.0,882.2,2753.3,3410.0,22000.0,4624.0,3252.6,1781.0,1964.85,1266.0,552.5,365.85,2587.45,9083.0,710.0,4572.85,234.8,935.0,2475.0,3303.9,382.5,109.6,1048.4,2525.0,4533.4,4645.9,585.0,1649.9,961.9,7758.95,444.55,177.2,502.0,1071.0,789.65,1239.0,432.8,244.05,1135.0,1900.0,685.1,733.6,4918.05,2367.65
08-May-2023,1367.8,3015.0,6394.45,160.3,789.9,1178.0,927.0,865.3,2732.95,3371.0,22050.0,4640.0,3245.0,1753.75,1935.9,1262.45,542.0,365.45,2566.0,9046.0,718.7,4475.0,232.5,927.2,2450.0,3299.0,381.0,109.25,1040.95,2505.75,4520.0,4611.0,577.65,1635.0,962.0,7630.0,438.25,174.8,480.0,1058.0,776.8,1216.95,431.0,241.85,1087.0,1920.3,684.7,735.6,4945.0,2377.45
05-May-2023,1371.5,2971.0,6379.95,161.05,789.1,1172.0,925.0,867.15,2670.6,3339.3,21799.95,4594.65,3220.0,1751.75,1952.15,1279.0,543.0,367.1,2537.0,8800.6,735.1,4463.1,237.85,935.0,2441.0,3292.0,382.75,110.85,1046.0,2500.0,4498.0,4550.0,580.2,1639.0,974.0,7520.0,443.0,176.35,481.65,1066.8,777.9,1232.8,425.95,238.8,1131.0,1954.8,682.8,736.3,4974.95,2357.0
04-May-2023,1342.3,2948.0,6197.0,160.8,779.3,1136.95,920.0,860.0,2679.7,3341.0,21878.85,4527.05,3180.15,1729.3,1929.95,1268.95,539.8,363.8,2507.95,8796.65,740.25,4446.8,236.85,920.65,2421.15,3268.75,384.75,110.0,1033.0,2486.95,4480.8,4510.0,570.2,1687.1,967.65,7514.7,445.0,176.45,483.6,1056.05,773.0,1235.0,425.3,239.65,1146.15,1839.05,670.0,733.95,4952.25,2361.8
03-May-2023,1345.0,2918.0,6238.05,162.9,794.5,1148.5,919.55,863.85,2675.0,3367.9,21745.0,4490.0,3216.0,1725.0,1919.0,1266.0,544.0,363.25,2490.0,8770.0,751.5,4484.5,236.05,920.95,2445.0,3253.0,388.35,109.8,1039.9,2456.95,4538.25,4509.75,570.65,1684.95,970.5,7524.0,441.0,175.6,480.25,1062.0,777.9,1237.3,424.0,240.0,1142.5,1919.0,675.0,731.0,4949.9,2384.1
02-May-2023,1360.0,2910.95,6330.0,159.5,800.25,1147.0,924.0,870.0,2657.0,3326.95,21800.0,4565.25,3235.0,1720.3,1918.0,1254.55,530.0,358.3,2539.95,8622.7,744.3,4439.95,233.2,910.4,2436.2,3268.05,389.0,108.0,1020.4,2471.8,4430.95,4529.75,580.0,1688.7,987.65,7545.5,439.0,172.65,482.5,1064.1,767.95,1230.0,426.0,238.7,1158.95,1935.0,683.8,731.95,4903.4,2373.2
28-Apr-2023,1368.95,2919.95,6243.9,159.8,789.85,1148.0,915.1,885.1,2672.45,3275.0,21181.95,4415.95,3200.4,1705.0,1906.0,1255.7,517.1,356.0,2520.0,8593.0,733.0,4397.35,232.5,918.85,2382.0,3248.0,380.0,107.8,981.95,2436.05,4335.0,4442.95,567.8,1684.7,984.95,7512.0,433.5,171.9,481.4,1059.95,758.0,1225.0,418.0,236.95,1148.75,1868.05,666.2,736.0,4918.55,2312.3
27-Apr-2023,1352.5,2915.5,6075.0,160.2,772.0,1138.75,909.5,888.0,2641.0,3248.3,21066.25,4407.0,3185.0,1695.0,1876.9,1230.0,530.1,350.0,2500.0,8570.0,716.3,4300.0,229.75,911.2,2375.0,3220.0,376.4,106.3,999.0,2513.95,4185.0,4419.85,565.0,1670.5,968.0,7459.0,425.0,170.0,478.5,1065.55,743.0,1210.05,412.2,238.0,1140.0,1848.0,667.9,723.0,4845.0,2275.75
26-Apr-2023,1345.8,2896.95,6100.0,160.0,779.9,1106.0,911.45,877.4,2633.0,3230.0,20599.0,4400.0,3181.0,1686.85,1877.5,1228.0,529.0,346.8,2510.0,8527.0,714.7,4345.0,230.0,911.85,2379.0,3202.4,377.65,106.5,997.0,2490.0,4180.0,4419.95,562.0,1660.0,975.8,7464.0,425.6,171.1,473.0,1055.0,733.95,1212.0,412.0,234.05,1117.75,1854.0,671.0,720.0,4810.0,2247.85
25-Apr-2023,1325.0,2891.05,5959.9,160.2,764.95,1106.0,906.3,885.0,2634.85,3175.0,20709.0,4313.0,3183.0,1686.2,1902.0,1225.95,546.15,345.25,2504.9,8510.0,719.9,4340.0,231.15,904.6,2366.0,3198.0,378.2,106.7,1006.0,2490.85,4210.0,4409.95,555.0,1687.7,980.0,7455.9,425.0,171.3,475.2,1050.45,736.0,1207.75,408.7,231.3,1119.95,1806.0,675.0,720.35,4803.55,2231.05
24-Apr-2023,1315.1,2882.1,5940.0,159.6,765.2,1106.0,905.0,868.0,2571.1,3204.0,20500.95,4327.8,3151.1,1662.0,1890.2,1228.0,551.0,346.2,2459.95,8577.0,735.0,4308.3,229.55,916.0,2375.0,3240.0,375.0,106.4,1002.0,2502.0,4199.0,4362.3,543.8,1687.0,975.0,7350.0,419.0,168.5,471.2,1057.0,706.0,1210.4,410.0,231.0,1130.75,1804.0,665.1,708.55,4854.0,2220.0
21-Apr-2023,1336.5,2847.1,5913.0,158.9,769.6,1136.6,894.55,870.8,2593.6,3240.0,20473.1,4259.0,3110.0,1685.75,1882.0,1228.1,536.0,343.8,2450.95,8679.4,732.5,4323.0,230.0,903.0,2350.65,3207.15,364.1,108.0,1014.3,2492.0,4162.15,4340.0,545.0,1669.0,994.3,7500.05,430.0,169.65,476.7,1054.0,703.4,1221.95,400.3,231.8,1126.2,1846.0,668.0,719.0,4858.1,2240.15
20-Apr-2023,1333.95,2820.0,5960.0,159.6,764.0,1123.4,892.25,874.8,2577.65,3308.7,20595.0,4295.0,3090.0,1698.3,1884.3,1230.7,525.0,343.95,2450.0,8670.0,738.4,4265.0,229.9,912.0,2354.1,3334.7,360.5,108.2,1015.1,2517.8,4194.0,4320.3,541.2,1671.7,999.1,7572.6,431.9,167.1,473.7,1040.0,699.0,1218.0,400.0,230.85,1118.95,1855.0,663.0,726.0,4916.0,2225.0
19-Apr-2023,1335.0,2836.35,5915.65,158.3,761.35,1140.0,895.9,865.0,2580.05,3263.95,20659.85,4326.0,3130.75,1709.55,1888.3,1254.35,532.5,334.95,2435.0,8690.05,741.9,4184.1,233.6,925.95,2339.05,3261.0,367.9,107.85,1025.2,2548.0,4318.6,4355.0,544.0,1665.0,1003.5,7605.0,434.4,168.75,473.0,1073.95,708.0,1204.65,396.05,229.0,1143.0,1847.0,659.0,715.35,4887.4,2208.1
18-Apr-2023,1340.0,2848.0,5975.0,160.15,765.0,1145.35,907.95,865.35,2603.05,3228.65,20200.0,4350.95,3154.95,1729.95,1900.95,1269.95,537.0,335.7,2470.95,8692.95,737.15,4254.25,229.6,905.0,2377.0,3174.0,363.45,107.2,1034.8,2560.0,4362.85,4380.0,545.35,1670.0,999.0,7779.0,430.0,170.0,475.0,1049.55,716.2,1213.0,400.0,236.9,1130.0,1892.0,668.0,720.05,4861.4,2220.0
17-Apr-2023,1345.0,2825.0,5998.0,159.1,789.0,1120.0,917.3,882.0,2600.0,3235.0,19590.0,4278.0,3134.1,1689.05,1888.95,1250.3,542.5,332.25,2430.0,8850.0,742.95,4311.0,225.5,915.0,2424.95,3183.95,359.95,107.6,1035.0,2573.0,4482.0,4410.0,528.0,1720.0,999.45,7655.25,422.35,172.35,471.0,1055.0,717.0,1218.95,392.9,232.6,1107.4,1870.75,663.0,714.0,4876.95,2258.75
13-Apr-2023,1320.9,2786.7,5856.95,158.15,770.0,1126.85,891.1,853.65,2588.0,3140.0,19500.0,4239.0,3210.0,1717.0,1838.0,1409.75,519.65,338.9,2477.3,8628.05,739.9,4270.0,227.9,921.9,2353.0,3209.95,369.9,107.5,1100.25,2525.0,4790.0,4329.0,529.3,1688.3,1022.3,7705.05,418.05,176.0,464.95,1089.0,722.0,1213.45,395.5,227.3,1073.0,1855.0,659.7,717.0,4888.0,2294.8
12-Apr-2023,1321.0,2755.55,5837.0,159.0,774.0,1118.5,883.45,854.9,2580.05,3035.0,19695.0,4277.35,3227.95,1715.5,1842.0,1413.05,514.0,339.1,2475.0,8672.0,746.0,4177.4,224.0,909.0,2336.35,2941.0,370.6,108.2,1103.0,2556.0,4774.95,4287.7,533.2,1668.0,1015.5,7750.0,419.9,178.0,459.35,1092.0,720.9,1203.5,397.75,231.4,1073.5,1814.0,656.0,719.9,4763.35,2304.0
11-Apr-2023,1312.95,2790.0,5858.0,157.1,776.0,1110.9,873.7,848.25,2583.7,2970.45,19648.0,4266.4,3264.0,1709.8,1847.2,1428.9,516.8,336.15,2474.0,8580.0,742.0,4080.0,222.75,905.0,2334.0,2909.7,373.5,105.55,1108.0,2540.0,4800.0,4263.0,530.85,1659.0,1008.6,7715.0,412.9,178.1,463.75,1104.0,725.95,1200.0,388.55,228.9,1077.4,1810.0,655.0,693.75,4773.0,2320.0
10-Apr-2023,1311.0,2810.0,5944.95,150.7,768.95,1119.4,880.05,854.8,2568.0,2980.0,19700.0,4299.8,3220.0,1674.95,1757.15,1423.95,514.65,332.0,2430.0,8456.6,729.95,4035.05,221.45,896.95,2350.0,2946.75,368.0,104.5,1096.35,2565.25,4784.0,4215.0,529.25,1663.25,1015.0,7701.85,406.8,175.85,452.05,1091.85,727.0,1171.25,387.35,225.2,1082.0,1774.0,646.0,684.05,4732.0,2284.9
06-Apr-2023,1279.3,2807.45,5761.0,153.2,762.6,1108.9,882.0,861.8,2583.0,2948.7,19795.0,4327.8,3225.0,1664.15,1750.0,1416.0,506.1,329.3,2432.2,8464.0,734.0,4028.0,222.45,899.0,2318.15,2889.8,369.0,104.85,1104.0,2575.0,4840.0,4217.0,524.0,1648.55,997.15,7690.0,401.0,176.4,426.5,1109.05,727.3,1154.0,386.65,227.2,1067.2,1705.0,637.0,688.0,4693.95,2257.75
05-Apr-2023,1296.0,2760.0,5832.0,156.75,768.0,1109.55,886.6,871.0,2560.0,2982.0,19659.0,4334.0,3185.5,1630.0,1745.0,1400.0,503.7,331.9,2440.8,8521.95,729.65,3994.0,220.3,889.0,2348.0,2887.0,369.7,104.1,1102.0,2512.5,4739.0,4250.0,527.0,1618.6,985.0,7575.0,402.0,178.3,424.25,1085.35,717.0,1172.0,378.9,226.6,1089.0,1717.45,626.9,678.5,4650.0,2170.0
03-Apr-2023,1273.0,2746.95,5655.0,154.5,755.0,1100.0,880.2,864.0,2525.9,3050.0,19784.0,4344.0,3224.95,1629.8,1734.0,1435.0,502.05,338.0,2385.0,8412.85,718.5,3904.8,214.1,910.0,2345.0,2850.0,367.95,105.1,1104.6,2570.0,4760.0,4343.5,524.75,1607.55,981.0,7670.9,406.5,175.6,423.0,1089.95,710.0,1161.3,384.0,227.35,1073.0,1750.45,638.55,690.4,4648.95,2180.0
31-Mar-2023,1252.3,2756.05,5694.0,150.1,752.15,1100.2,861.95,854.9,2526.95,2923.1,19155.0,4277.45,3189.95,1635.7,1725.5,1404.0,497.0,344.9,2314.75,8325.95,705.0,3875.65,212.2,888.8,2255.0,2834.4,363.35,105.0,1095.0,2558.8,4640.0,4384.85,520.65,1595.6,995.2,7575.1,404.05,174.8,411.35,1083.4,700.15,1147.6,382.0,224.0,1063.0,1788.0,643.9,679.0,4583.0,2156.5
29-Mar-2023,1229.3,2784.45,5562.15,147.25,751.0,1094.0,857.05,832.5,2500.3,2858.5,18930.0,4205.0,3129.0,1619.2,1700.1,1379.0,491.3,340.0,2250.0,8249.85,714.6,3810.5,209.95,893.95,2239.0,2810.0,358.0,102.5,1075.7,2485.0,4567.0,4333.6,509.0,1584.0,985.65,7419.8,394.9,172.65,401.6,1046.0,696.05,1133.95,380.2,222.1,1031.0,1602.95,593.35,663.3,4549.45,2137.65
28-Mar-2023,1245.3,2791.0,5621.05,150.25,765.6,1104.8,855.55,837.4,2502.9,2894.8,18900.0,4229.5,3127.0,1623.0,1708.95,1392.1,495.45,342.0,2301.0,8305.9,704.15,3821.0,209.4,891.8,2245.0,2838.15,363.0,102.85,1099.0,2509.8,4568.95,4334.8,511.45,1565.7,987.0,7484.0,393.0,171.35,414.15,1056.8,690.0,1143.6,380.2,221.25,1017.7,1727.95,622.6,662.15,4498.95,2167.75
27-Mar-2023,1245.0,2798.5,5698.0,149.55,763.0,1109.7,854.95,841.05,2480.0,2913.6,19000.0,4224.05,3135.0,1585.2,1700.65,1386.25,486.65,344.1,2319.95,8250.0,698.45,3834.95,208.5,881.05,2217.5,2809.95,361.75,102.55,1090.1,2485.0,4620.0,4304.7,507.0,1562.2,980.0,7407.0,390.0,172.65,416.0,1053.3,706.9,1141.5,377.95,222.9,1014.0,1740.65,638.0,661.1,4490.0,2175.05
24-Mar-2023,1281.3,2797.8,5803.9,152.7,763.55,1110.0,852.5,846.25,2516.8,2925.0,19005.05,4242.0,3148.9,1605.0,1676.05,1388.0,494.5,347.9,2363.0,8353.2,713.8,3845.1,213.25,869.1,2245.25,2817.2,363.35,105.0,1105.0,2472.2,4648.0,4277.5,514.5,1560.0,977.6,7404.0,400.8,175.2,419.0,1073.0,707.0,1160.55,381.5,223.0,1019.0,1796.0,658.2,671.15,4449.95,2206.0
23-Mar-2023,1291.95,2817.1,5809.5,151.1,758.0,1113.8,857.0,847.0,2510.0,2942.2,18819.7,4250.0,3114.9,1609.9,1699.15,1383.95,497.45,350.0,2365.0,8264.0,717.75,3902.5,213.15,868.0,2268.0,2790.65,364.9,104.4,1087.1,2475.0,4611.0,4276.0,519.4,1567.75,975.0,7371.0,387.0,174.05,416.0,1077.0,711.55,1161.0,377.0,224.0,1028.15,1794.0,655.0,661.9,4479.0,2214.0
22-Mar-2023,1271.0,2825.0,5749.8,152.4,761.0,1119.5,857.65,855.6,2517.95,2949.5,19009.0,4279.0,3130.05,1610.0,1710.0,1403.0,483.0,358.3,2349.05,8236.0,710.0,3921.75,216.9,864.0,2285.0,2770.9,367.85,104.75,1097.0,2472.6,4714.95,4275.05,522.2,1584.0,957.0,7360.0,390.1,177.8,416.0,1091.95,701.0,1167.5,376.95,223.0,1028.0,1834.0,669.9,666.0,4429.35,2219.5
21-Mar-2023,1259.0,2858.15,5601.8,153.15,760.0,1075.05,843.0,840.1,2475.0,2966.8,18990.0,4355.0,3143.3,1600.0,1707.55,1399.0,467.0,360.2,2344.95,8245.0,708.65,3806.5,218.15,866.8,2218.95,2814.25,369.0,105.1,1104.95,2515.0,4694.0,4320.0,522.0,1571.95,965.0,7243.0,387.7,176.85,412.85,1099.0,704.1,1170.6,378.8,227.25,1007.35,1836.95,671.5,671.5,4441.95,2182.7
20-Mar-2023,1305.0,2915.0,5739.0,153.0,754.95,1071.6,837.0,836.0,2462.0,2974.6,18900.0,4364.6,3169.65,1551.0,1687.0,1419.7,470.0,354.85,2355.15,8316.85,714.0,3790.0,220.0,874.05,2215.0,2825.6,375.0,106.1,1136.8,2447.4,4561.0,4322.0,526.6,1567.95,950.0,7275.0,393.75,177.55,415.6,1105.0,691.0,1169.95,373.3,225.3,1020.0,1837.0,671.0,672.9,4431.0,2191.1
17-Mar-2023,1304.95,2923.95,5740.05,153.5,750.0,1068.0,831.8,835.0,2467.15,3052.0,18498.9,4325.95,3150.5,1570.0,1679.6,1430.0,464.05,351.0,2375.0,8503.0,705.5,3817.8,222.0,887.35,2244.75,2815.65,377.2,106.45,1123.35,2471.65,4640.0,4340.0,528.65,1557.5,968.55,7159.15,389.25,181.7,419.0,1088.2,698.0,1172.9,385.0,233.95,1038.0,1901.0,688.5,670.0,4405.7,2186.7
16-Mar-2023,1285.5,2850.0,5729.7,151.2,750.0,1071.95,829.7,821.5,2413.5,3021.7,17990.0,4263.95,3208.0,1558.25,1670.0,1417.8,466.7,335.0,2369.4,8460.1,705.85,3740.95,218.55,881.0,2243.0,2774.0,375.35,107.25,1106.0,2424.95,4580.0,4330.95,518.4,1539.0,955.25,7135.6,400.6,178.2,413.3,1083.95,689.0,1160.0,380.6,229.45,1040.0,1861.0,686.9,675.2,4411.0,2184.9
15-Mar-2023,1290.0,2772.2,5800.0,154.0,758.0,1080.0,836.45,838.05,2380.0,3044.8,18300.0,4315.0,3250.0,1562.0,1668.0,1438.0,473.05,329.0,2400.0,8650.0,705.8,3774.9,221.95,875.0,2284.1,2758.0,383.7,107.5,1124.9,2451.9,4581.0,4334.75,529.8,1578.0,952.0,7126.0,407.95,179.45,422.0,1095.05,696.0,1167.0,381.0,226.6,1079.8,1760.9,661.55,681.0,4356.95,2164.2
14-Mar-2023,1300.0,2782.95,5840.0,155.8,764.0,1074.8,827.0,828.0,2336.95,3033.4,18350.0,4315.0,3280.0,1569.85,1673.0,1441.0,480.45,324.2,2394.95,8544.95,708.25,3778.45,220.8,873.0,2280.0,2780.05,386.55,107.0,1128.0,2462.0,4590.0,4345.0,527.65,1570.25,953.5,7080.0,404.3,178.65,422.85,1098.55,696.0,1192.3,385.7,225.15,1060.1,1874.0,681.2,678.0,4394.0,2144.35
13-Mar-2023,1326.0,2823.5,5869.0,156.2,777.45,1092.0,841.45,845.6,2372.75,3117.0,18429.95,4309.0,3333.0,1602.0,1699.0,1464.2,490.0,326.0,2441.9,8601.55,712.0,3822.95,224.2,882.6,2329.0,2788.0,389.0,108.25,1125.0,2466.0,4642.95,4327.0,547.0,1587.9,955.1,7225.0,409.0,181.3,436.1,1120.95,705.0,1222.7,389.2,228.05,1119.0,1917.0,703.7,682.8,4375.0,2164.05
10-Mar-2023,1340.0,2844.0,5865.0,155.6,773.0,1093.0,844.7,859.6,2354.85,3134.95,18530.0,4307.4,3312.9,1585.0,1707.0,1460.0,487.55,325.0,2417.0,8530.0,710.0,3830.0,222.95,879.15,2341.5,2800.0,387.9,107.0,1045.0,2450.0,4680.0,4399.7,553.1,1610.45,946.5,7200.0,403.0,178.0,433.0,1105.0,707.0,1249.0,386.95,222.25,1155.1,1870.0,684.8,668.25,4372.95,2171.5
09-Mar-2023,1378.0,2862.0,6000.0,159.05,795.0,1129.2,867.2,862.5,2400.8,3211.0,18500.0,4339.65,3385.0,1601.1,1739.3,1495.0,495.0,326.1,2486.0,8725.0,716.7,3811.2,224.85,877.25,2416.0,2838.45,392.8,107.85,1082.0,2484.85,4780.0,4399.0,564.75,1629.95,957.5,7267.0,411.0,178.4,439.1,1121.95,722.85,1291.0,392.1,229.0,1174.25,2049.8,713.9,677.1,4415.65,2174.95
08-Mar-2023,1375.0,2870.0,6129.0,156.55,764.0,1130.0,866.65,858.5,2396.4,3166.0,18405.0,4319.85,3364.0,1599.0,1736.0,1490.55,490.0,323.95,2457.0,8625.0,702.05,3723.8,224.85,883.7,2408.7,2847.95,391.65,105.3,1080.0,2487.0,4777.0,4414.9,560.0,1620.0,960.0,7214.95,409.95,175.7,439.0,1112.0,713.0,1270.0,388.0,226.95,1109.65,2040.0,700.0,670.0,4433.0,2152.0
06-Mar-2023,1357.25,2843.0,6140.0,154.7,766.7,1132.0,871.75,856.95,2412.55,3138.0,18522.0,4389.0,3361.9,1599.95,1756.3,1494.55,492.0,322.4,2472.0,8640.0,713.55,3721.7,222.95,885.0,2400.0,2860.0,392.45,107.5,1092.0,2481.95,4760.95,4416.0,564.9,1620.0,970.0,7244.0,419.0,172.9,430.95,1129.0,713.0,1269.55,385.9,224.0,1132.0,1966.7,690.0,683.5,4437.0,2158.25
03-Mar-2023,1357.0,2837.05,6121.8,154.0,745.0,1100.15,856.75,849.75,2370.0,3141.15,18549.0,4400.0,3354.0,1602.0,1732.0,1486.75,485.3,322.7,2475.7,8592.05,709.0,3720.05,223.9,891.0,2349.15,2862.0,390.6,106.0,1118.0,2466.0,4729.1,4416.75,542.0,1596.0,967.05,7330.0,413.2,172.0,422.6,1115.0,709.0,1257.9,377.0,220.4,1109.0,1688.85,663.0,681.5,4412.6,2140.0
02-Mar-2023,1375.0,2831.0,6165.2,154.5,751.0,1121.7,853.0,866.0,2382.35,3155.1,18799.95,4390.0,3361.0,1594.0,1735.6,1485.0,490.0,316.7,2443.5,8771.0,713.65,3731.05,218.75,901.95,2337.0,2859.0,388.7,106.05,1120.0,2466.25,4705.0,4429.0,535.95,1594.0,960.0,7274.15,415.0,172.2,426.0,1090.3,716.85,1278.55,379.5,218.0,1099.95,1499.9,603.95,680.15,4358.0,2129.95
01-Mar-2023,1335.7,2828.0,6100.1,152.0,742.4,1126.65,864.0,846.05,2370.0,3106.0,18700.0,4439.0,3323.0,1568.0,1729.25,1492.4,488.9,316.8,2415.0,8620.0,699.2,3670.0,215.4,907.8,2344.0,2836.5,388.1,104.7,1100.25,2458.0,4722.05,4401.65,523.25,1612.0,951.0,7227.0,402.0,170.95,421.5,1077.35,712.95,1275.95,374.25,221.55,1077.05,1424.0,598.0,668.0,4316.45,2100.0
28-Feb-2023,1364.2,2750.0,6220.0,154.15,755.0,1131.4,854.9,855.95,2401.1,3132.0,18630.2,4390.0,3328.5,1578.0,1725.95,1515.6,490.9,317.15,2447.95,8650.0,708.0,3647.0,216.6,945.9,2356.1,2867.1,391.85,106.85,1118.0,2469.75,4781.0,4449.0,527.25,1592.0,969.0,7182.05,413.5,172.8,419.0,1083.5,712.0,1263.7,382.5,220.6,1082.5,1145.0,563.0,683.95,4439.0,2115.0
27-Feb-2023,1357.95,2740.4,6215.0,154.0,753.0,1122.05,833.55,851.85,2399.1,3200.0,18700.0,4428.55,3390.0,1581.0,1698.3,1540.0,482.85,318.2,2485.65,8630.0,736.0,3799.95,217.0,965.6,2382.0,2917.0,392.75,109.8,1109.0,2487.0,4803.55,4485.0,521.1,1585.9,970.5,7220.0,415.0,171.15,427.75,1090.0,720.0,1270.05,385.1,216.45,1079.95,1300.0,559.0,684.5,4491.1,2134.05
24-Feb-2023,1353.7,2712.1,6253.75,151.75,775.7,1136.1,843.95,850.1,2400.0,3249.9,18741.25,4460.0,3422.5,1580.6,1713.0,1560.0,488.5,320.8,2496.0,8711.0,748.85,3833.55,216.0,961.1,2372.0,2879.95,395.95,112.5,1137.0,2492.2,4875.0,4455.05,524.2,1617.9,970.6,7212.85,438.0,170.25,435.4,1097.0,717.0,1320.2,389.0,212.4,1080.05,1410.0,557.0,705.0,4464.9,2160.0
23-Feb-2023,1362.0,2805.0,6214.0,153.7,774.0,1136.85,836.55,833.05,2432.5,3265.0,18659.95,4490.0,3421.0,1582.0,1707.4,1569.85,494.45,322.0,2500.55,8693.45,743.0,3847.5,212.95,965.0,2378.0,2920.55,395.8,111.55,1127.0,2492.0,4829.35,4471.35,516.95,1613.0,973.0,7241.8,430.4,170.95,428.65,1104.8,722.95,1325.25,384.45,215.0,1092.7,1380.0,539.5,701.9,4476.1,2204.0
22-Feb-2023,1389.9,2809.95,6331.0,154.25,777.0,1148.9,851.25,840.0,2451.95,3270.0,18882.8,4505.0,3414.95,1634.25,1723.95,1563.0,500.6,322.5,2507.0,8675.5,745.05,3837.1,214.55,966.6,2425.95,2915.6,399.5,113.25,1122.0,2516.15,4815.0,4505.0,520.75,1639.0,971.55,7327.0,430.5,172.95,435.3,1095.0,726.0,1346.9,382.0,216.0,1096.75,1535.0,583.5,720.1,4486.9,2229.0
21-Feb-2023,1409.4,2837.0,6395.0,154.9,783.05,1164.2,854.4,849.0,2485.95,3290.0,18881.1,4454.95,3494.0,1635.0,1745.0,1598.7,510.9,326.95,2540.0,8694.0,761.75,3927.0,218.8,969.8,2424.0,2910.75,407.4,112.9,1146.0,2528.0,4911.3,4611.0,527.1,1640.0,990.0,7444.8,437.75,169.05,445.2,1121.0,725.45,1354.5,385.0,217.55,1110.0,1626.0,585.0,730.0,4504.3,2239.0
20-Feb-2023,1418.0,2845.0,6425.0,157.2,781.25,1144.0,862.65,859.7,2500.0,3300.0,19030.0,4535.25,3502.0,1644.0,1768.05,1584.95,506.3,332.85,2540.0,8807.75,762.0,3894.95,217.85,998.0,2445.0,2834.5,405.3,112.3,1129.5,2518.0,4858.3,4593.0,532.0,1660.0,990.15,7301.0,429.9,167.7,441.8,1109.55,726.95,1342.1,384.7,215.6,1117.25,1650.0,567.3,728.4,4520.0,2233.7
17-Feb-2023,1420.05,2802.95,6410.0,155.5,785.95,1175.6,867.55,861.0,2515.0,3287.05,19575.05,4570.0,3526.15,1625.1,1783.1,1594.0,514.55,325.7,2492.95,8787.0,763.0,3890.0,214.85,1035.5,2420.0,2876.0,406.85,111.55,1108.1,2525.0,4860.0,4640.15,538.5,1661.0,992.2,7176.0,434.75,167.0,436.0,1121.7,731.2,1359.95,381.05,214.0,1142.0,1800.0,579.0,726.0,4501.2,2169.8
16-Feb-2023,1429.0,2797.0,6505.0,150.0,789.65,1186.3,875.95,872.8,2530.0,3329.95,19430.0,4597.0,3527.2,1632.2,1794.0,1600.0,519.0,331.15,2590.0,8880.0,770.0,3910.0,213.5,1031.75,2449.45,2835.0,408.8,111.0,1075.0,2560.0,4773.1,4509.95,546.85,1673.2,998.9,7187.65,436.9,166.0,445.0,1138.6,732.2,1380.1,382.0,216.9,1155.35,1820.0,580.0,730.8,4542.45,2186.8
15-Feb-2023,1398.0,2777.0,6450.0,149.0,775.0,1160.9,866.4,872.0,2503.45,3203.0,19075.0,4599.85,3487.0,1604.7,1768.45,1584.0,510.75,331.15,2545.0,8774.45,760.95,3866.6,211.0,1026.85,2376.0,2790.05,402.7,109.0,1014.9,2550.0,4654.8,4170.0,540.0,1678.0,1002.0,7138.0,435.5,166.0,438.5,1125.0,721.05,1364.2,381.75,213.25,1155.0,1780.0,567.8,720.1,4548.0,2186.0
14-Feb-2023,1390.0,2804.75,6353.8,148.65,769.0,1178.0,853.9,862.55,2528.95,3261.95,19114.8,4590.3,3505.0,1623.0,1770.0,1584.7,515.4,333.0,2574.4,8815.0,736.5,3894.95,213.05,1026.7,2329.95,2798.4,403.0,109.55,1006.05,2585.0,4630.0,4380.45,539.95,1665.0,1018.0,7215.15,429.5,168.5,442.0,1121.0,718.0,1358.0,375.0,217.05,1160.7,1735.0,551.0,721.65,4545.0,2215.0
13-Feb-2023,1404.0,2814.5,6434.95,147.45,771.0,1180.2,853.4,867.25,2480.0,3225.0,19095.0,4600.0,3549.0,1635.0,1775.1,1597.0,522.55,334.0,2593.95,8787.0,730.0,3850.85,211.5,1036.0,2340.2,2825.35,405.65,108.8,1015.0,2560.0,4690.0,4430.4,554.0,1655.0,1008.25,7215.0,434.5,165.1,445.5,1121.25,726.6,1375.0,373.0,214.1,1165.0,1850.0,587.9,716.0,4508.1,2173.0
10-Feb-2023,1406.0,2830.0,6453.95,146.15,768.95,1179.85,855.55,872.05,2452.0,3225.05,19010.0,4660.0,3520.0,1640.0,1767.9,1612.95,519.8,334.1,2559.2,8797.8,717.1,3845.0,214.0,1021.0,2354.9,2823.15,407.0,111.0,1011.55,2585.0,4684.0,4385.4,546.5,1648.8,1006.8,7175.0,444.55,165.1,437.95,1125.8,722.0,1378.55,372.2,211.9,1160.0,1769.0,573.6,722.0,4493.95,2140.2
09-Feb-2023,1370.0,2781.95,6374.9,144.65,770.0,1170.6,858.5,876.15,2467.0,3236.05,18999.0,4594.85,3515.0,1636.55,1767.95,1596.2,508.55,332.1,2614.0,8802.3,721.05,3879.9,216.0,1025.3,2353.45,2771.05,406.75,112.15,1011.05,2587.0,4680.0,4347.35,552.0,1660.0,1003.0,7250.0,437.0,165.95,440.0,1144.0,724.5,1372.0,374.0,212.0,1150.15,2168.0,587.25,733.0,4444.0,2150.0
08-Feb-2023,1356.95,2768.0,6165.0,145.4,778.0,1140.0,852.5,882.1,2447.0,3275.0,18950.0,4604.95,3478.05,1616.95,1778.8,1565.5,484.8,331.8,2659.05,8773.0,711.0,3898.85,214.75,1035.0,2313.0,2757.95,401.0,111.45,1007.5,2592.7,4630.0,4320.0,550.0,1654.25,1004.8,7114.0,432.0,165.6,435.45,1133.9,731.85,1373.55,374.75,212.85,1144.0,1869.85,564.0,717.8,4450.0,2160.55
07-Feb-2023,1345.15,2762.0,6122.95,143.9,793.9,1143.0,855.0,886.85,2456.3,3277.05,19024.0,4639.0,3468.9,1619.6,1752.2,1569.0,483.9,334.0,2686.0,8908.0,715.4,3873.0,219.6,1029.8,2312.0,2790.15,405.5,112.6,1005.0,2645.0,4582.0,4305.0,548.0,1659.4,1026.25,7154.95,440.0,166.5,441.7,1147.85,731.8,1382.9,383.9,218.0,1134.0,1571.0,550.0,708.0,4380.65,2162.25
06-Feb-2023,1337.45,2760.4,6000.0,141.7,789.7,1127.2,861.5,871.85,2474.85,3295.0,19000.0,4605.0,3473.15,1617.8,1775.0,1598.0,487.0,324.05,2652.05,8926.95,715.5,3846.55,219.2,1020.0,2315.0,2810.0,405.4,120.0,1006.0,2631.0,4490.0,4211.0,558.8,1660.0,1020.0,7156.3,457.0,164.5,444.45,1135.2,728.4,1391.9,382.5,213.45,1109.0,1575.0,498.0,727.85,4380.15,2164.25
03-Feb-2023,1305.0,2705.65,5770.0,143.5,779.9,1115.0,864.65,873.0,2320.1,3233.4,19005.4,4590.0,3504.0,1600.0,1770.6,1597.5,496.0,331.95,2674.3,8940.0,701.1,3785.0,218.0,1022.0,2349.0,3270.0,412.55,120.05,1024.45,2640.0,4640.0,4245.0,536.0,1611.0,1007.0,7184.95,467.75,164.5,447.0,1154.0,737.15,1359.2,381.9,213.2,1110.0,1490.0,459.0,727.0,4375.0,2176.95
02-Feb-2023,1269.0,2741.0,5819.0,143.0,765.1,1090.2,828.4,850.95,2341.05,3265.0,19129.0,4518.95,3427.0,1575.0,1720.0,1552.0,499.0,334.5,2689.0,8765.0,741.0,3799.0,221.0,1026.1,2318.0,3328.05,402.4,121.95,1027.3,2569.5,4395.0,4262.0,520.2,1608.1,1009.95,7100.0,467.0,170.0,446.75,1137.8,738.8,1348.05,361.6,216.0,1034.9,2348.85,510.0,729.75,4313.0,2135.6
01-Feb-2023,1348.0,2749.8,5944.0,145.8,775.95,1219.55,843.45,876.3,2408.55,3280.0,19100.0,4329.9,3363.0,1593.0,1745.0,1542.2,582.9,343.25,2775.55,8937.0,765.1,3829.45,228.0,1019.0,2379.95,3332.15,401.5,120.1,1018.05,2600.2,4393.0,4275.0,561.4,1624.0,1036.45,7085.0,473.0,172.25,456.8,1137.0,737.25,1386.55,353.0,225.0,1094.0,2995.0,627.0,722.0,4341.0,2133.0
31-Jan-2023,1354.4,2760.0,6050.0,145.15,775.0,1243.7,826.0,873.0,2347.0,3201.05,19200.0,4418.0,3449.0,1602.45,1730.5,1548.9,587.95,342.95,2724.45,8856.9,748.0,3878.0,225.0,1043.0,2382.0,3375.0,402.3,118.75,1025.0,2568.0,4448.3,4239.5,545.0,1619.7,1055.0,6925.0,474.95,169.85,443.7,1136.0,736.0,1350.3,346.0,212.6,1097.05,2980.0,600.0,708.7,4345.0,2119.95
30-Jan-2023,1320.8,2724.0,5770.05,147.5,771.6,1222.0,800.0,851.9,2332.0,3160.1,19206.0,4396.5,3420.0,1579.85,1713.1,1528.8,586.8,336.9,2723.05,8779.0,748.75,3940.0,222.4,1057.0,2331.7,3399.95,398.05,120.45,1030.1,2610.0,4399.0,4236.5,536.0,1595.0,1041.95,6747.0,479.0,167.6,445.6,1115.6,736.0,1320.1,346.9,218.0,1110.0,2850.0,620.0,725.0,4319.95,2129.4
27-Jan-2023,1315.1,2766.6,5815.0,152.45,774.95,1263.7,839.15,892.35,2368.4,3229.95,19260.05,4435.0,3426.0,1593.95,1752.1,1546.0,586.45,346.9,2788.0,8828.45,741.65,3850.0,227.0,1023.25,2384.4,3359.6,401.55,121.9,1051.0,2635.5,4400.0,4228.0,568.0,1632.0,1044.95,6734.0,493.5,166.25,438.0,1122.75,740.05,1318.1,341.8,219.3,1163.05,3335.0,699.0,727.8,4280.0,2174.7
25-Jan-2023,1334.9,2810.9,5850.05,151.25,774.95,1273.2,873.3,905.0,2370.0,3226.55,19349.0,4384.0,3425.3,1603.2,1757.0,1547.0,590.0,348.7,2779.0,8747.9,744.0,3689.0,227.8,1064.9,2412.45,3350.05,405.0,120.35,1065.0,2600.5,4490.0,4314.95,595.85,1691.4,1030.3,6805.95,484.1,166.0,423.75,1134.85,740.35,1324.9,338.9,220.7,1210.0,3422.0,753.0,723.0,4260.0,2201.0
24-Jan-2023,1336.25,2795.0,5892.35,152.35,773.0,1296.0,879.0,935.0,2372.5,3219.4,19400.0,4350.8,3425.0,1634.0,1792.7,1560.0,591.0,350.0,2777.0,8450.0,750.0,3626.0,230.2,1065.0,2440.0,3390.0,408.4,122.5,1070.0,2604.0,4391.7,4349.95,603.5,1675.05,1050.0,6882.0,496.7,167.2,410.0,1125.9,743.85,1335.1,337.8,226.25,1206.3,3447.45,769.15,735.0,4341.0,2244.7
23-Jan-2023,1330.0,2800.0,5881.0,152.55,767.9,1285.0,882.0,936.0,2383.95,3166.3,19250.0,4330.0,3388.0,1663.0,1790.0,1535.0,595.0,347.0,2751.45,8480.0,742.95,3583.5,228.5,1053.4,2449.0,3343.1,405.2,123.4,1053.5,2560.0,4139.95,4294.4,598.5,1666.25,1035.0,7125.0,494.0,169.4,407.0,1111.0,739.15,1321.35,336.0,224.0,1212.7,3443.05,778.35,737.55,4359.95,2255.0
20-Jan-2023,1360.0,2848.0,6012.5,152.0,775.85,1324.05,873.5,931.25,2389.95,3175.0,19660.1,4362.0,3365.0,1676.9,1778.9,1538.0,608.0,349.2,2767.5,8462.05,747.6,3583.05,224.85,1067.0,2475.0,3382.0,403.55,123.4,1052.5,2550.0,4205.05,4302.0,593.8,1644.1,1044.05,7212.35,498.0,169.9,404.0,1111.05,738.0,1324.05,332.0,221.0,1208.6,3450.0,776.0,760.0,4331.95,2282.45
19-Jan-2023,1365.0,2954.9,5983.0,148.05,776.0,1313.0,868.0,923.6,2392.5,3163.05,19823.35,4379.8,3380.0,1674.0,1803.5,1539.9,601.15,345.95,2762.0,8479.0,732.0,3599.95,216.75,1063.5,2472.9,3375.0,402.1,121.8,1043.9,2670.1,4252.0,4339.8,591.0,1637.0,1038.1,7260.0,493.15,170.4,406.5,1102.35,750.2,1317.6,334.0,218.8,1215.0,3470.0,783.95,762.95,4364.85,2259.85
18-Jan-2023,1379.8,2947.95,6003.95,148.25,768.2,1309.0,864.45,921.9,2418.0,3171.0,19949.95,4360.0,3380.0,1668.0,1802.95,1544.75,610.0,348.8,2766.9,8473.0,721.25,3625.0,213.85,1068.9,2473.5,3351.6,398.5,120.0,1046.05,2668.0,4295.35,4337.0,595.9,1605.0,1032.7,7373.0,488.5,167.5,415.9,1118.95,750.0,1320.35,334.0,218.3,1232.0,3648.0,784.0,759.0,4351.75,2221.0
17-Jan-2023,1389.0,2925.0,6019.95,148.3,759.15,1304.7,866.95,914.95,2405.0,3152.0,19735.9,4309.0,3330.0,1642.0,1780.0,1527.0,607.0,350.7,2765.0,8409.85,715.0,3590.0,213.75,1062.8,2458.0,3340.0,400.05,119.75,1034.0,2605.45,4281.0,4316.2,603.0,1589.8,1035.45,7280.0,481.75,166.6,413.0,1097.9,744.0,1318.95,330.2,215.65,1240.0,3620.0,788.35,758.45,4338.95,2139.9
16-Jan-2023,1398.15,2925.0,6000.0,147.7,766.4,1319.55,877.25,940.45,2428.0,3155.55,19840.0,4336.1,3317.0,1659.5,1787.0,1510.0,605.0,352.0,2732.0,8480.0,721.45,3609.95,215.5,1070.5,2472.7,3362.2,390.0,121.45,1008.2,2627.95,4298.5,4364.25,603.0,1615.0,1031.6,7270.0,490.95,168.65,413.5,1087.0,752.1,1333.0,330.35,215.0,1240.0,3720.0,797.0,768.75,4339.7,2147.0
13-Jan-2023,1394.75,2925.0,5920.0,146.4,757.0,1319.0,864.7,935.5,2456.9,3105.0,19950.0,4304.0,3342.9,1648.45,1779.5,1483.5,599.45,345.4,2683.3,8397.0,721.0,3580.0,214.2,1064.0,2458.4,3321.85,396.0,118.55,1004.45,2590.2,4273.9,4365.0,597.9,1598.75,1031.15,7175.0,487.65,166.2,413.0,1043.9,755.1,1325.0,329.85,213.6,1213.0,3651.2,795.6,765.0,4324.0,2161.9
12-Jan-2023,1405.0,2939.0,5906.55,147.7,765.0,1291.3,865.5,949.35,2450.0,3150.0,19758.3,4319.3,3329.0,1639.6,1807.0,1481.95,602.45,353.95,2690.0,8315.0,721.4,3538.05,215.5,1052.8,2524.85,3425.0,395.75,118.95,1010.0,2586.1,4255.0,4370.95,597.9,1587.8,1031.95,7024.95,495.0,166.9,420.3,1061.0,760.0,1316.0,333.4,213.55,1214.0,3642.5,796.7,758.4,4274.95,2118.1
11-Jan-2023,1418.0,2974.9,5930.0,149.5,775.0,1309.15,862.9,953.0,2473.0,3167.55,20070.0,4326.0,3290.1,1651.5,1800.0,1470.0,600.0,348.85,2712.1,8334.65,726.0,3585.0,217.3,1078.7,2552.5,3500.0,393.0,119.45,1008.45,2644.0,4252.8,4474.0,596.45,1567.95,1012.0,6948.0,481.9,168.45,415.75,1069.0,772.0,1315.5,335.1,212.2,1232.4,3660.0,800.0,750.0,4304.95,2106.1
10-Jan-2023,1429.0,2984.15,5999.0,148.6,826.1,1306.35,875.4,964.0,2495.0,3262.0,20063.05,4360.0,3285.0,1673.95,1808.55,1482.0,608.5,348.0,2750.0,8380.0,735.85,3630.6,215.0,1086.5,2606.0,3466.0,392.0,117.65,1013.0,2624.05,4296.0,4410.0,608.45,1600.0,1016.0,7049.95,478.0,170.4,400.0,1061.0,766.95,1310.5,337.9,209.9,1215.0,3859.0,817.0,744.25,4320.0,2131.9
09-Jan-2023,1447.0,2993.3,6020.0,149.3,802.7,1275.4,874.25,946.8,2529.95,3266.9,19934.95,4380.0,3229.0,1699.9,1801.0,1448.2,615.05,347.85,2757.0,8424.85,724.0,3660.5,215.35,1081.75,2545.3,3475.0,386.0,116.9,997.95,2589.35,4230.15,4424.35,605.0,1596.0,1015.0,7040.0,471.0,170.25,386.35,1044.95,765.2,1272.95,336.95,209.2,1190.15,3843.0,810.45,736.75,4293.15,2108.0
06-Jan-2023,1473.55,3010.0,6130.0,146.7,807.55,1270.95,878.95,946.55,2560.0,3260.0,19800.0,4313.2,3300.0,1698.9,1826.0,1470.0,608.0,342.0,2767.0,8460.0,721.4,3618.0,219.0,1088.35,2526.65,3461.85,387.0,117.0,1009.5,2580.0,4250.0,4442.05,607.4,1602.0,1015.0,7007.0,467.0,170.45,386.1,1044.0,763.8,1252.65,334.7,208.15,1214.0,3829.0,819.9,750.0,4299.5,2090.2
05-Jan-2023,1548.0,3039.55,6490.0,145.85,825.0,1260.65,900.9,960.0,2591.0,3229.0,19540.0,4235.0,3330.2,1698.8,1820.0,1505.9,600.0,337.0,2707.9,8444.95,719.25,3568.0,216.8,1075.0,2523.5,3435.55,390.0,116.5,1021.0,2537.55,4290.0,4455.5,607.0,1615.0,1009.1,7014.95,463.25,168.0,387.9,1041.8,762.0,1240.0,328.65,211.9,1229.25,3827.05,814.05,741.85,4265.0,2080.0
04-Jan-2023,1562.0,3035.0,6595.0,148.8,818.95,1268.35,899.0,963.5,2618.8,3224.0,19780.0,4254.95,3306.7,1722.4,1834.9,1521.0,599.0,338.55,2707.0,8376.0,721.2,3588.0,224.35,1078.95,2557.0,3390.2,397.5,118.75,1023.8,2550.5,4311.0,4495.0,611.85,1635.0,1012.0,7000.0,477.0,167.85,394.8,1036.2,767.5,1252.35,331.85,215.4,1258.0,3839.0,820.8,766.4,4235.0,2090.95
03-Jan-2023,1549.0,3047.0,6565.0,149.7,810.35,1244.7,898.5,944.75,2568.0,3228.85,19599.0,4255.1,3252.0,1724.5,1822.25,1519.85,570.0,333.85,2702.2,8380.0,722.5,3562.5,225.0,1070.05,2565.05,3372.65,393.05,119.8,1013.0,2550.05,4334.0,4467.0,614.5,1622.2,993.0,7029.95,486.5,168.0,396.0,1039.0,765.0,1263.0,331.5,215.25,1226.55,3841.9,822.25,776.15,4238.8,2088.0
02-Jan-2023,1550.0,3087.9,6565.0,147.3,806.25,1230.0,894.0,932.25,2607.0,3227.0,19616.65,4379.95,3261.0,1725.4,1827.8,1514.0,565.0,330.05,2738.85,8365.0,718.6,3617.0,226.75,1080.25,2550.0,3420.0,393.0,114.4,1017.9,2573.9,4365.4,4488.0,614.95,1627.0,1001.4,6979.9,475.95,167.05,392.5,1039.1,769.9,1251.0,330.9,214.55,1220.1,3870.0,823.0,771.9,4258.75,2092.9
30-Dec-2022,1528.0,3130.75,6550.0,145.45,824.7,1262.0,908.5,941.25,2564.0,3290.0,19839.55,4355.2,3286.05,1755.35,1825.1,1528.0,572.05,328.0,2735.85,8470.0,726.2,3580.0,222.25,1094.95,2545.1,3448.6,393.0,112.9,1022.75,2579.95,4430.0,4550.0,615.25,1645.0,1004.0,7000.0,473.95,166.75,391.0,1050.0,778.0,1265.35,335.4,216.05,1238.0,3829.7,822.45,773.0,4280.0,2115.0
29-Dec-2022,1515.0,3101.0,6440.0,142.75,807.05,1238.0,897.9,922.8,2555.0,3181.05,19840.0,4375.0,3231.1,1745.9,1814.4,1504.0,566.0,324.1,2691.6,8370.0,724.7,3579.0,220.8,1086.0,2527.0,3451.0,386.25,109.0,1010.0,2580.25,4307.1,4588.65,600.0,1620.1,998.55,7030.05,459.3,165.0,389.0,1030.0,779.0,1247.7,334.35,214.05,1206.0,3790.0,807.0,756.0,4275.0,2109.65
28-Dec-2022,1534.7,3109.95,6475.0,143.45,813.0,1241.0,896.0,930.95,2502.8,3188.15,19790.0,4362.0,3249.8,1731.0,1824.4,1505.1,569.7,326.0,2687.6,8315.0,716.0,3580.0,221.25,1094.0,2538.0,3470.0,385.0,111.05,1005.3,2593.0,4367.0,4652.0,600.9,1623.1,998.9,7106.4,467.65,165.0,394.0,1030.0,778.0,1229.85,332.85,212.5,1198.0,3756.05,815.75,761.0,4250.85,2129.0
27-Dec-2022,1545.0,3060.0,6466.0,142.1,815.0,1243.5,897.7,932.45,2498.0,3174.95,19900.0,4380.7,3269.2,1737.7,1822.65,1509.95,572.0,325.4,2694.95,8298.95,724.95,3555.0,222.0,1094.05,2530.0,3434.0,382.5,106.65,1009.7,2625.0,4370.7,4685.0,600.4,1633.0,1000.25,7100.0,447.95,167.0,390.0,1039.0,778.8,1243.25,335.6,212.95,1201.65,3732.45,810.1,735.9,4269.8,2101.55
26-Dec-2022,1496.9,3057.9,6374.65,140.5,805.05,1222.95,881.1,908.0,2487.75,3115.0,20174.95,4315.5,3228.35,1711.6,1821.95,1500.5,562.5,323.0,2645.0,8147.0,712.45,3542.0,215.05,1127.0,2514.75,3529.95,378.0,102.8,1000.35,2620.95,4261.0,4723.7,574.0,1599.5,1010.0,6911.0,431.0,162.0,380.25,1031.0,779.0,1224.6,326.5,211.5,1150.0,3653.0,798.0,727.55,4332.05,2052.75
23-Dec-2022,1524.3,3078.95,6450.0,140.6,814.0,1239.3,883.05,912.0,2467.65,3190.1,20200.0,4375.15,3217.0,1725.0,1815.95,1508.7,574.95,325.0,2715.0,8299.7,722.1,3580.0,220.0,1121.0,2563.3,3490.0,384.0,106.0,1005.05,2632.0,4300.0,4765.7,590.0,1587.0,1012.0,6970.95,452.9,164.3,390.0,1029.5,793.05,1220.0,330.9,213.4,1160.05,3822.0,853.0,729.95,4325.05,2094.5
22-Dec-2022,1586.1,3074.0,6570.0,145.0,819.0,1234.4,900.5,936.0,2491.8,3274.0,20395.0,4444.0,3294.0,1746.0,1826.0,1521.5,576.4,334.0,2757.2,8356.65,755.25,3629.15,224.1,1135.0,2598.0,3534.0,390.1,110.0,1030.0,2676.5,4444.0,4795.0,597.0,1622.2,1019.95,6981.0,459.45,168.5,404.1,1046.0,802.75,1265.7,335.65,216.1,1207.85,3948.0,864.7,743.1,4430.0,2144.0
21-Dec-2022,1618.5,3085.0,6693.9,146.5,833.0,1231.05,910.25,953.1,2515.0,3330.0,20165.0,4509.05,3249.0,1760.55,1860.5,1515.0,585.0,341.0,2772.55,8524.35,761.45,3615.0,226.5,1096.1,2621.0,3355.0,390.9,111.8,1024.5,2687.95,4384.05,4610.8,605.9,1641.0,992.0,7130.5,459.3,170.0,412.6,1035.0,809.0,1279.9,341.0,217.05,1236.0,4175.0,887.0,750.0,4379.95,2153.1
20-Dec-2022,1614.95,3075.05,6660.0,145.5,839.75,1260.0,906.0,943.75,2516.8,3370.0,20150.0,4529.0,3198.9,1762.0,1845.0,1501.0,583.0,341.65,2770.0,8584.4,769.0,3634.0,226.9,1096.0,2583.9,3347.0,388.8,111.15,1025.0,2706.0,4350.0,4610.35,603.0,1620.2,987.95,7090.0,458.0,171.15,418.0,1027.0,808.5,1287.95,340.05,218.9,1215.0,4095.0,894.1,740.45,4380.0,2179.9
19-Dec-2022,1595.05,3062.0,6600.1,147.05,822.7,1254.2,908.0,935.1,2483.2,3292.0,19800.0,4455.0,3227.0,1752.0,1840.55,1507.95,574.95,342.45,2724.85,8498.8,770.95,3567.35,224.65,1090.35,2581.0,3329.6,388.45,111.05,1019.95,2671.3,4261.0,4600.0,604.0,1644.0,987.6,7042.8,459.0,169.8,421.9,1029.65,801.15,1250.9,336.8,214.05,1233.95,3988.0,860.45,742.0,4344.95,2171.0
16-Dec-2022,1599.0,3115.0,6590.0,148.35,825.0,1263.0,905.5,932.25,2500.0,3290.0,19725.0,4459.5,3275.0,1779.0,1854.7,1525.0,579.2,349.15,2745.1,8559.5,766.2,3613.75,228.0,1096.3,2571.0,3340.9,391.4,110.35,1015.0,2668.0,4285.0,4638.0,612.0,1620.05,998.15,7108.05,458.0,171.9,417.35,1030.0,803.3,1277.95,337.5,215.0,1235.0,4018.9,882.95,739.8,4434.5,2161.0
15-Dec-2022,1620.0,3142.0,6632.0,147.65,829.0,1274.95,916.0,939.75,2585.0,3368.0,20063.5,4428.3,3358.8,1822.8,1875.55,1569.3,582.9,348.75,2738.5,8641.0,782.0,3635.0,231.9,1111.2,2602.5,3393.85,399.75,112.65,1060.0,2668.35,4446.0,4679.95,625.55,1657.05,1001.0,7197.55,467.0,172.0,418.85,1051.55,815.4,1285.9,344.75,219.5,1252.75,4055.8,900.25,756.0,4486.15,2196.7
14-Dec-2022,1619.75,3179.0,6658.0,144.35,840.65,1285.0,936.0,945.65,2574.85,3329.0,20385.15,4440.0,3348.8,1815.0,1871.1,1582.0,583.0,346.7,2762.45,8650.0,768.5,3650.0,231.75,1114.0,2637.65,3370.0,400.8,111.6,1051.0,2720.0,4354.95,4712.0,618.5,1653.0,999.0,7245.9,461.65,169.95,420.55,1045.0,808.4,1287.0,346.0,216.3,1241.75,4076.0,897.2,747.95,4475.0,2176.95
13-Dec-2022,1600.1,3185.0,6507.0,143.05,822.0,1265.5,929.5,940.2,2597.4,3306.0,20561.0,4452.0,3277.2,1817.0,1863.75,1547.2,578.2,349.0,2783.9,8662.0,776.0,3614.75,233.4,1096.95,2613.1,3347.8,398.35,112.55,1039.85,2717.0,4368.0,4746.0,613.5,1650.0,980.0,7179.95,464.3,169.75,419.95,1032.1,812.0,1268.0,344.5,215.55,1212.8,4027.8,884.95,744.5,4450.2,2170.0
12-Dec-2022,1586.15,3227.0,6508.1,140.0,832.6,1268.95,925.05,929.9,2613.5,3341.0,20250.0,4419.05,3255.5,1803.0,1865.0,1550.0,575.2,337.95,2751.0,8609.0,762.0,3616.95,228.35,1105.0,2585.5,3275.0,392.9,110.2,1034.0,2702.2,4380.0,4677.0,614.8,1625.0,994.9,7089.0,459.0,170.0,412.0,1025.0,803.0,1263.9,341.0,216.0,1201.3,3997.0,892.05,738.0,4367.05,2148.9
09-Dec-2022,1622.0,3235.0,6602.5,142.5,830.3,1277.0,932.0,944.0,2597.0,3335.0,19968.0,4402.0,3374.1,1819.45,1914.0,1628.0,581.0,340.0,2762.0,8707.0,779.45,3650.0,230.55,1115.0,2646.0,3300.0,406.0,112.8,1073.95,2724.7,4590.0,4728.0,614.4,1626.0,980.8,7201.2,474.0,171.2,419.3,1075.0,804.2,1281.5,339.75,218.4,1195.5,4044.0,896.05,748.45,4375.0,2168.0
08-Dec-2022,1610.0,3230.0,6680.0,141.25,833.0,1242.0,925.0,915.65,2596.85,3284.9,19900.0,4393.55,3360.0,1808.2,1898.9,1605.5,580.0,336.75,2750.0,8665.0,782.05,3635.05,229.65,1109.2,2660.0,3341.0,407.25,111.75,1078.1,2695.05,4690.0,4738.0,609.75,1610.0,1015.0,7199.0,465.05,171.85,421.0,1113.75,800.55,1272.95,340.2,221.8,1165.0,4010.0,888.0,738.15,4373.95,2120.0
07-Dec-2022,1635.4,3180.0,6724.95,140.8,837.55,1285.9,922.0,902.8,2616.3,3299.75,19920.0,4424.35,3368.3,1837.0,1932.5,1608.0,590.9,330.75,2793.05,8720.0,788.0,3694.8,232.15,1111.0,2685.0,3356.0,409.0,113.4,1086.0,2660.05,4815.4,4804.7,610.85,1614.15,1036.55,7255.0,470.0,174.1,428.0,1114.0,799.9,1262.0,338.5,222.85,1184.0,4031.0,897.8,747.05,4365.0,2096.3
06-Dec-2022,1630.0,3125.0,6674.4,142.85,844.9,1286.0,925.0,897.5,2619.8,3335.0,19741.0,4398.9,3400.05,1814.0,1920.55,1625.0,588.0,339.9,2822.0,8777.2,801.9,3652.0,232.0,1115.0,2665.1,3360.0,410.5,115.35,1089.0,2606.8,4951.0,4770.35,614.75,1601.0,1039.4,7185.05,477.5,175.6,428.8,1121.6,800.0,1248.5,334.1,221.55,1198.95,3920.0,893.8,754.95,4460.1,2081.0
05-Dec-2022,1650.0,3130.0,6674.55,141.5,851.0,1298.1,937.0,907.0,2629.0,3328.1,19759.8,4422.85,3433.0,1827.8,1942.0,1638.0,591.9,340.9,2810.0,8844.0,787.5,3672.0,226.6,1114.35,2712.0,3394.95,413.25,113.3,1120.0,2600.0,5080.0,4885.0,608.5,1609.95,1042.15,7260.0,466.15,173.05,435.5,1133.25,795.55,1269.45,337.65,219.7,1182.0,3928.9,891.6,746.45,4529.9,2095.95
02-Dec-2022,1632.2,3173.15,6730.2,141.85,851.4,1292.0,928.25,898.3,2648.0,3435.0,20049.5,4400.0,3458.1,1796.8,1917.1,1656.0,594.95,339.5,2865.0,8820.0,780.1,3707.0,226.1,1124.9,2730.0,3395.0,413.8,110.8,1101.5,2660.0,5024.0,4771.0,607.5,1610.0,1048.3,7275.0,463.3,172.4,439.0,1136.4,810.0,1286.45,339.35,218.55,1169.65,3905.0,894.0,746.65,4484.95,2096.1
01-Dec-2022,1634.8,3191.0,6754.6,141.45,853.0,1290.0,956.0,909.5,2662.0,3489.6,20190.0,4364.55,3425.0,1770.0,1955.0,1656.2,590.6,342.0,2855.0,9019.05,780.0,3744.05,228.4,1145.0,2741.8,3409.9,412.85,108.7,1091.4,2680.0,4911.0,4765.0,607.85,1622.0,1055.0,7100.0,455.0,173.5,443.0,1130.0,821.9,1315.0,341.7,224.0,1175.0,3937.5,884.75,747.15,4509.6,2085.25
30-Nov-2022,1634.2,3139.9,6735.0,139.6,834.8,1258.35,948.05,895.0,2613.75,3419.8,20121.2,4297.95,3383.0,1725.2,1939.0,1619.95,586.2,339.05,2831.95,8924.0,777.9,3674.95,227.2,1121.15,2712.5,3377.7,406.9,106.1,1074.75,2634.0,4912.0,4719.2,608.5,1597.1,1053.0,6948.0,438.75,170.1,435.0,1127.0,805.05,1262.1,341.25,219.35,1180.0,3897.8,878.9,734.1,4470.0,2053.0
29-Nov-2022,1649.0,3157.0,6775.0,140.05,839.0,1253.5,933.55,894.4,2597.15,3450.4,19750.0,4225.0,3383.0,1720.0,1931.6,1621.2,583.5,341.5,2783.15,8985.0,782.0,3680.35,230.2,1106.0,2703.95,3377.65,403.0,105.0,1076.1,2527.2,4934.75,4725.0,607.1,1597.25,1035.0,6900.0,433.0,171.0,432.5,1118.8,804.95,1256.0,340.0,221.3,1192.0,3885.0,878.0,714.5,4405.1,2070.0
28-Nov-2022,1630.0,3108.15,6729.0,139.5,840.25,1230.0,924.0,887.7,2584.4,3413.7,19525.0,4168.85,3366.0,1723.25,1916.0,1628.0,584.7,327.0,2719.95,9028.0,777.0,3630.2,230.55,1100.0,2608.9,3352.0,402.8,106.0,1075.0,2527.0,4930.0,4761.0,605.6,1602.9,1033.0,6874.0,435.0,170.0,435.0,1125.0,789.0,1258.9,340.0,219.15,1180.0,3899.4,876.0,718.5,4414.75,2064.35
25-Nov-2022,1634.0,3115.3,6770.0,139.0,852.0,1248.2,940.3,883.0,2620.0,3394.25,19800.0,4212.0,3383.0,1730.0,1949.0,1631.4,575.0,321.0,2673.0,9000.0,778.05,3632.25,229.65,1093.05,2589.0,3294.0,399.0,105.6,1070.0,2555.0,4965.0,4815.0,610.55,1629.7,1037.95,6904.0,438.0,170.25,425.0,1135.2,798.75,1258.0,341.0,220.75,1180.0,3929.0,877.0,722.0,4423.85,2061.0
24-Nov-2022,1639.0,3117.95,6813.95,136.5,846.0,1230.0,927.55,878.0,2611.0,3397.85,19625.0,4172.0,3316.25,1709.9,1954.5,1589.0,551.9,311.45,2665.0,8968.9,772.35,3617.2,230.75,1113.55,2566.0,3316.0,389.9,105.85,1049.3,2517.0,4767.95,4630.0,609.75,1605.95,1020.65,6844.9,435.55,168.7,424.5,1106.0,787.85,1241.9,339.8,215.4,1180.0,3910.0,873.9,722.0,4427.7,2030.5
23-Nov-2022,1651.6,3111.0,6718.5,135.55,851.85,1234.95,927.0,873.9,2614.95,3391.95,19700.0,4160.0,3330.0,1704.9,1950.5,1588.9,542.65,306.1,2691.0,8940.0,772.95,3622.2,230.0,1108.9,2575.0,3322.15,390.75,105.7,1055.95,2521.0,4781.5,4482.3,601.55,1605.0,1015.2,6877.2,434.5,167.85,426.85,1108.95,773.1,1234.6,342.0,218.25,1176.0,4050.0,885.45,710.1,4380.0,2038.95
22-Nov-2022,1635.05,3104.0,6680.25,134.95,853.4,1232.7,923.75,874.95,2580.0,3380.45,19761.7,4133.95,3280.0,1687.8,1953.85,1569.0,533.8,310.25,2669.8,8875.0,760.0,3636.0,228.55,1107.45,2545.0,3282.3,389.0,104.4,1042.6,2505.9,4755.0,4420.95,598.15,1600.0,1006.15,6755.1,432.75,165.25,421.0,1091.1,771.0,1220.65,337.0,218.5,1143.0,4001.85,871.6,696.5,4371.6,2021.55
21-Nov-2022,1654.4,3105.0,6747.0,136.0,837.0,1230.1,914.05,860.0,2552.0,3390.45,19852.0,4118.0,3322.5,1699.45,1954.55,1582.1,531.5,305.65,2715.0,8825.0,765.0,3615.0,229.0,1104.95,2588.0,3275.55,393.85,107.7,1055.1,2483.7,4899.0,4403.95,602.1,1607.65,1003.0,6809.8,439.8,165.0,425.6,1098.9,774.3,1218.0,339.1,217.5,1119.55,4019.95,885.0,720.0,4380.0,2019.0
18-Nov-2022,1668.0,3095.0,6909.9,143.15,849.95,1254.35,919.8,859.3,2580.0,3449.9,19995.0,4138.0,3350.0,1714.0,1960.95,1591.7,533.0,306.75,2735.0,9010.0,776.0,3694.15,232.45,1124.0,2606.75,3306.45,397.85,105.85,1060.0,2470.0,4934.95,4430.0,601.0,1621.0,1015.25,6900.0,440.5,168.55,424.0,1098.05,789.35,1250.05,343.7,218.35,1151.35,4028.35,892.05,710.0,4423.75,2039.0
17-Nov-2022,1685.6,3092.0,6870.0,141.95,841.8,1255.5,913.0,855.4,2638.0,3500.0,20130.0,4120.0,3340.0,1723.9,1963.8,1597.2,528.55,307.0,2741.0,9101.0,767.5,3749.0,234.75,1125.0,2584.95,3299.0,397.9,105.9,1060.0,2479.95,5028.0,4490.0,599.1,1618.1,1023.3,6933.0,443.45,169.95,422.0,1095.1,766.0,1280.2,344.1,216.9,1141.45,3970.0,886.0,705.0,4480.95,2002.0
16-Nov-2022,1713.7,3079.3,7011.0,142.8,837.5,1260.0,912.55,858.0,2659.0,3515.05,19992.15,4126.75,3338.9,1736.0,1914.0,1597.15,527.1,308.9,2730.55,9160.0,770.45,3757.0,233.35,1120.95,2610.0,3327.0,399.0,108.45,1066.0,2463.55,5140.0,4605.0,599.95,1618.65,1007.1,6986.95,455.55,172.1,436.95,1107.5,772.75,1288.95,345.7,215.95,1151.0,4057.3,915.0,720.5,4433.65,1986.0
15-Nov-2022,1723.4,3068.5,7035.15,140.0,822.65,1248.6,900.55,851.25,2642.95,3520.0,20164.0,4124.5,3321.0,1748.5,1925.0,1577.85,539.8,307.8,2694.5,9190.0,774.05,3726.05,234.4,1134.95,2622.3,3280.0,398.05,109.0,1065.0,2457.8,5210.0,4560.0,594.3,1623.15,1022.0,6880.0,456.0,172.3,434.9,1093.5,767.75,1284.55,348.95,210.0,1157.85,4025.05,898.9,720.4,4367.2,2003.0
14-Nov-2022,1724.0,3056.0,7054.9,140.6,818.0,1251.0,905.0,850.5,2658.0,3537.25,20323.0,4100.0,3324.0,1711.0,1902.85,1575.15,545.0,309.5,2670.5,9100.0,771.75,3746.3,254.55,1124.5,2630.75,3287.8,402.65,108.5,1062.0,2506.8,5096.0,4430.0,603.95,1612.0,1018.65,6845.0,435.0,172.35,424.0,1095.0,773.35,1304.0,356.35,210.95,1145.7,3999.0,895.0,722.6,4400.0,2013.05
11-Nov-2022,1740.0,3090.7,7149.0,140.6,830.75,1251.0,925.9,847.0,2671.0,3730.0,20276.2,4155.35,3269.6,1713.1,1933.0,1546.65,535.0,307.05,2726.1,9200.0,760.0,3743.25,258.8,1130.0,2600.0,3315.0,398.5,106.25,1049.0,2545.0,4972.0,4386.0,617.25,1545.0,1015.75,6839.95,420.35,173.0,420.0,1071.0,772.55,1305.1,360.0,216.0,1140.0,4040.0,905.0,706.0,4572.2,2003.6
10-Nov-2022,1745.0,3086.0,7158.0,137.5,819.8,1268.1,907.55,843.7,2710.0,3739.4,20299.6,4152.6,3170.0,1740.0,1895.0,1485.0,531.75,306.0,2651.45,9201.0,754.95,3739.55,257.95,1130.0,2590.0,3298.75,388.8,105.2,1015.0,2504.0,4788.45,4374.5,613.1,1497.1,1010.0,6895.0,415.3,173.5,420.5,1050.0,770.0,1339.0,359.0,216.0,1143.0,3995.0,894.0,699.8,4539.95,1995.0
09-Nov-2022,1797.7,3146.0,7235.0,138.95,824.2,1290.0,920.0,875.05,2769.0,3791.95,20615.45,4140.0,3249.8,1793.95,1898.0,1529.0,536.75,311.1,2630.0,9480.35,755.8,3790.0,255.5,1141.1,2610.3,3419.0,394.05,107.25,1047.0,2510.0,4850.2,4347.0,621.0,1515.05,1020.05,7000.0,430.1,177.75,439.2,1060.9,778.5,1364.85,353.5,231.0,1156.0,3977.0,859.5,716.0,4540.0,2025.05
07-Nov-2022,1813.2,3186.0,7248.1,138.55,817.0,1271.95,910.25,876.25,2772.0,3680.2,20451.5,3930.05,3229.0,1771.0,1908.0,1521.4,540.0,302.5,2599.0,9277.0,742.55,3790.0,247.3,1146.1,2591.0,3749.0,393.0,105.9,1058.95,2531.1,4830.95,4384.45,613.0,1510.0,1045.0,6925.0,432.0,177.85,428.25,1048.1,768.15,1345.0,355.0,227.3,1158.0,3852.45,867.2,705.3,4531.0,2021.4
04-Nov-2022,1722.9,3148.0,7121.6,136.4,815.7,1280.0,906.3,869.0,2774.9,3695.0,20423.45,3748.05,3217.0,1751.0,1906.0,1520.45,545.4,305.55,2621.0,9257.9,730.0,3779.45,246.7,1167.85,2553.9,3781.45,388.5,102.5,1053.0,2544.95,4815.0,4410.0,586.0,1503.2,1045.3,6759.0,412.45,179.05,418.2,1045.15,761.0,1338.0,354.0,228.0,1153.75,3642.0,837.0,683.2,4590.05,2010.0
03-Nov-2022,1697.9,3105.0,7105.0,136.4,809.75,1263.0,901.05,857.9,2705.0,3698.0,20222.9,3707.0,3228.05,1750.1,1904.8,1538.75,540.4,305.2,2639.0,9210.0,716.9,3754.0,244.0,1152.2,2529.85,3785.0,389.75,100.75,1070.0,2515.7,4797.9,4370.0,569.0,1497.7,1045.0,6730.05,415.0,179.35,419.4,1034.0,768.05,1340.0,354.0,233.0,1133.45,3550.0,825.0,678.7,4555.65,2006.0
02-Nov-2022,1705.0,3158.0,7207.0,135.85,830.0,1275.1,920.6,875.0,2745.0,3849.8,20590.0,3788.0,3270.0,1761.3,1918.75,1572.0,545.85,304.5,2649.95,9445.0,720.6,3746.0,245.65,1173.55,2532.3,3836.45,392.85,101.0,1071.0,2564.0,4845.0,4512.0,575.9,1517.0,1038.8,6825.05,414.75,181.9,423.05,1064.95,776.0,1354.05,348.5,235.15,1146.0,3580.0,850.0,685.0,4545.05,2036.5
01-Nov-2022,1692.0,3110.5,7196.95,134.1,828.0,1265.95,921.0,904.0,2770.15,3889.65,20399.55,3780.0,3214.5,1728.2,1908.0,1553.05,543.05,303.65,2690.25,9635.0,737.8,3686.55,247.0,1167.5,2600.0,3626.0,388.0,98.55,1069.0,2569.0,4735.05,4577.0,576.35,1503.5,1021.95,6743.95,406.0,174.0,414.9,1049.0,773.0,1361.0,349.25,230.65,1146.5,3361.9,827.7,670.0,4435.25,2032.0
31-Oct-2022,1665.0,3082.0,7094.0,134.4,823.0,1259.1,912.6,908.0,2750.0,3764.5,20282.45,3788.0,3199.0,1692.65,1899.0,1530.25,532.8,304.85,2668.0,9650.0,717.5,3689.1,246.0,1161.0,2541.0,3567.45,386.55,101.9,1053.25,2545.0,4630.0,4582.1,574.95,1472.0,994.95,6478.1,405.0,169.9,414.35,1039.0,765.2,1318.25,348.0,227.95,1155.0,3339.95,824.0,672.0,4531.0,1986.0
28-Oct-2022,1639.15,3058.7,7000.0,132.1,819.0,1259.2,918.0,915.0,2708.95,3721.0,20133.25,3767.0,3150.0,1729.9,1874.0,1526.0,532.7,306.5,2623.85,9095.0,707.0,3640.45,242.0,1169.0,2465.0,3639.2,382.8,104.1,1081.0,2526.1,4676.25,4454.25,579.95,1450.0,1002.0,6442.0,412.5,170.65,408.0,1031.95,773.45,1300.65,347.55,223.8,1145.0,3322.0,824.0,676.6,4485.0,1972.0
27-Oct-2022,1671.65,3123.0,7186.0,130.75,806.5,1255.5,926.05,909.0,2700.0,3741.05,20468.5,3714.0,3160.7,1729.8,1883.7,1530.8,533.0,302.6,2598.0,9050.0,701.4,3690.6,240.95,1169.95,2458.0,3634.0,386.0,102.25,1093.3,2494.0,4771.15,4445.0,583.95,1464.5,999.0,6474.0,408.0,169.9,408.55,1031.0,774.75,1283.3,346.65,219.3,1150.0,3319.85,805.0,650.0,4460.0,1952.1
25-Oct-2022,1700.0,3134.0,7242.55,132.45,806.15,1261.6,942.05,905.7,2697.35,3677.0,20800.0,3804.0,3180.5,1696.5,1911.0,1528.1,544.35,301.7,2586.1,8820.0,709.95,3699.0,240.5,1147.0,2499.0,3616.4,386.45,101.15,1053.4,2586.0,4748.0,4437.8,572.5,1461.1,991.95,6420.0,394.4,167.45,404.35,1036.0,770.0,1270.95,349.45,218.85,1145.85,3321.95,806.7,624.2,4389.95,1915.0
24-Oct-2022,1712.85,3150.0,7310.0,133.0,800.0,1268.95,925.0,916.0,2697.0,3684.9,20355.0,3799.0,3170.1,1695.0,1902.5,1518.5,546.8,300.0,2586.0,8788.8,711.0,3715.0,240.9,1145.6,2460.0,3629.9,386.4,102.0,1051.0,2610.1,4798.95,4410.2,567.0,1454.3,986.0,6440.0,395.0,166.95,406.0,1035.0,770.0,1261.0,348.95,219.8,1160.0,3325.0,808.0,622.0,4364.8,1906.0
21-Oct-2022,1731.5,3140.0,7490.0,129.35,790.0,1228.45,888.0,860.1,2650.0,3651.15,20061.1,3793.0,3157.8,1689.95,1870.0,1500.3,539.9,298.6,2571.0,8730.0,712.7,3699.0,241.0,1136.8,2507.7,3667.0,382.5,100.85,1041.65,2606.0,4745.2,4344.15,557.25,1452.0,981.0,6315.6,397.2,167.5,397.0,1022.5,773.0,1253.1,353.2,215.35,1166.0,3374.9,824.2,630.1,4355.0,1913.7
20-Oct-2022,1687.0,3198.0,7369.95,127.0,782.0,1220.0,889.7,824.9,2640.0,3597.0,19719.0,3763.0,3105.0,1683.45,1860.0,1475.0,531.0,292.1,2536.45,8700.0,675.0,3629.35,237.0,1122.0,2485.0,3582.0,377.0,99.5,1010.0,2568.15,4694.0,4384.0,552.0,1444.0,970.0,6340.0,383.0,164.0,397.0,990.0,761.55,1241.2,347.0,212.55,1214.0,3260.0,801.0,618.6,4305.0,1898.65
19-Oct-2022,1725.0,3242.0,7417.0,128.7,787.95,1220.0,900.05,818.45,2654.35,3629.9,19387.85,3770.0,3159.0,1691.0,1869.0,1504.0,533.2,297.15,2574.0,8851.4,685.0,3629.4,242.0,1131.5,2454.5,3585.0,381.2,100.6,1024.5,2615.3,4740.7,4380.0,563.0,1464.0,975.6,6348.1,394.0,166.5,406.2,1006.5,774.45,1259.95,343.1,213.0,1227.9,3300.0,814.0,639.95,4360.05,1920.0
18-Oct-2022,1730.0,3218.0,7400.0,128.45,769.85,1195.75,896.05,820.0,2638.15,3532.3,19020.0,3796.6,3150.0,1699.65,1867.45,1510.0,526.1,298.05,2566.5,8765.05,681.45,3647.15,238.5,1113.7,2422.0,3588.0,383.7,100.3,1028.4,2620.0,4694.0,4325.0,547.1,1458.05,983.75,6305.0,391.5,168.95,401.0,1000.0,767.0,1236.15,333.95,212.95,1207.0,3249.0,791.45,634.6,4356.9,1893.1
17-Oct-2022,1684.0,3185.5,7254.95,127.0,761.0,1178.0,872.0,803.5,2613.9,3470.0,18850.0,3801.9,3072.65,1690.0,1828.05,1476.9,522.0,297.9,2524.0,8610.0,679.6,3580.0,236.35,1108.0,2355.0,3550.0,377.3,99.75,1019.0,2573.6,4689.95,4290.0,526.4,1435.0,976.3,6170.0,395.05,165.1,394.0,1005.7,761.25,1227.0,331.1,211.95,1178.0,3211.0,782.1,633.15,4305.0,1902.9
14-Oct-2022,1709.0,3235.0,7300.0,132.0,779.95,1201.0,883.8,815.55,2640.0,3544.65,18958.85,3800.1,3145.0,1699.0,1828.0,1485.0,534.4,303.0,2575.5,8760.0,674.0,3659.95,238.95,1115.1,2415.0,3545.85,387.0,101.85,1035.0,2590.0,4730.0,4301.0,530.2,1417.0,976.0,6260.0,411.25,166.25,407.0,1005.0,768.95,1267.75,332.3,218.0,1201.25,3272.0,804.0,658.0,4305.0,1900.0
13-Oct-2022,1692.95,3230.1,7220.5,131.2,775.0,1207.0,862.35,807.0,2610.0,3467.8,18790.0,3771.5,3100.75,1670.2,1805.0,1431.0,525.0,304.05,2553.0,8665.0,675.0,3616.85,232.2,1108.4,2371.4,3520.0,387.0,101.1,1018.85,2583.0,4615.0,4270.1,533.0,1402.05,956.85,6172.0,411.0,164.85,396.55,972.05,754.95,1255.0,329.95,214.95,1189.05,3218.0,807.0,652.5,4249.95,1901.0
12-Oct-2022,1681.05,3335.0,7205.0,131.1,780.3,1206.0,867.95,789.5,2630.0,3425.05,18540.0,3746.55,3084.9,1652.0,1788.0,1437.0,520.1,301.05,2550.0,8698.0,665.0,3546.4,225.55,1111.6,2352.0,3510.0,404.25,100.35,1007.8,2563.45,4608.1,4280.0,530.0,1403.2,946.0,6085.0,398.05,161.9,394.55,943.3,745.5,1235.65,327.95,210.45,1175.05,3297.0,801.0,646.0,4300.0,1880.0
11-Oct-2022,1684.4,3290.5,7307.0,133.25,797.5,1240.05,883.25,780.0,2693.0,3549.15,19205.0,3816.85,3100.0,1681.2,1809.85,1462.65,534.0,306.2,2575.0,8811.0,686.45,3635.05,230.95,1121.8,2414.0,3705.05,414.9,103.55,1034.5,2610.0,4727.0,4362.35,530.75,1401.1,950.8,6180.65,403.0,164.4,397.0,968.1,758.0,1249.25,329.0,210.0,1215.0,3257.55,814.0,669.35,4387.0,1923.8
10-Oct-2022,1675.3,3280.0,7265.0,133.0,784.95,1230.0,872.0,748.0,2710.0,3461.0,19100.0,3750.0,3010.0,1682.0,1801.1,1426.35,525.8,306.0,2599.8,8675.0,680.0,3557.35,227.0,1110.0,2405.0,3682.8,400.3,102.0,1008.1,2570.0,4570.0,4375.0,525.7,1408.0,945.95,6156.2,403.5,162.7,403.4,942.2,769.25,1234.0,330.0,207.95,1193.1,3234.0,807.5,655.65,4350.0,1905.0
07-Oct-2022,1708.0,3318.0,7385.45,132.05,792.0,1239.1,877.2,753.8,2690.0,3531.35,19275.2,3776.0,3097.4,1675.0,1810.5,1446.35,529.95,310.2,2684.9,8750.0,685.0,3580.05,233.0,1135.0,2414.65,3722.7,409.8,103.3,1029.9,2611.9,4670.0,4379.6,535.5,1430.25,953.0,6300.0,409.95,163.1,413.4,965.0,787.9,1260.0,336.8,204.0,1201.0,3280.0,821.0,671.4,4390.0,1905.0
06-Oct-2022,1718.0,3337.75,7550.0,136.5,810.55,1267.0,873.05,750.0,2598.05,3560.0,19342.1,3837.25,3111.0,1692.35,1825.0,1445.0,535.0,313.05,2654.0,8734.0,691.0,3597.5,225.0,1150.4,2429.0,3799.0,409.35,102.0,1033.45,2681.3,4615.0,4426.45,534.6,1459.95,954.7,6340.0,402.0,164.25,409.6,955.5,790.0,1268.0,335.0,208.85,1225.0,3270.0,832.9,648.4,4436.05,1882.0
04-Oct-2022,1682.0,3330.0,7335.0,134.9,813.0,1252.25,865.0,733.4,2629.0,3524.0,19250.0,3807.0,3029.95,1667.8,1808.0,1419.7,522.2,311.0,2580.0,8699.0,678.0,3550.5,218.3,1138.85,2397.8,3769.0,399.95,100.3,1022.0,2650.0,4535.0,4430.0,533.0,1429.5,955.7,6348.9,396.0,161.95,406.0,942.5,786.75,1265.0,328.7,212.1,1184.9,3230.0,804.0,633.8,4446.0,1835.3
03-Oct-2022,1686.0,3348.0,7337.0,131.7,803.4,1255.6,859.7,731.0,2625.0,3781.0,19117.5,3862.0,2995.0,1671.0,1808.0,1412.0,530.55,306.35,2538.5,8970.0,671.2,3527.75,213.0,1116.8,2391.5,3700.0,393.9,99.6,1010.0,2723.0,4457.0,4385.0,527.6,1409.95,952.95,6286.4,389.0,159.85,405.5,932.35,802.85,1269.95,332.9,213.0,1178.0,3440.0,821.0,631.0,4315.0,1852.0
30-Sep-2022,1625.75,3402.0,7081.0,125.5,765.95,1243.0,843.9,720.0,2538.0,3623.95,18950.0,3870.0,2990.85,1683.0,1768.0,1388.95,526.0,303.6,2549.0,8668.0,656.8,3486.5,213.0,1119.75,2311.0,3739.9,392.45,96.85,1001.0,2707.0,4420.0,4352.2,524.0,1378.8,933.95,6172.2,376.0,160.0,398.0,921.9,791.0,1256.95,333.05,207.0,1141.0,3447.95,822.5,621.0,4382.55,1823.95
29-Sep-2022,1671.95,3563.45,7312.5,123.5,763.95,1245.0,858.0,722.25,2594.85,3646.7,18935.2,3871.45,3054.0,1677.5,1802.0,1404.9,518.0,307.55,2600.05,8770.4,667.05,3563.0,211.8,1100.55,2360.0,3721.9,401.0,97.0,1042.85,2711.1,4550.0,4297.45,529.0,1396.3,925.1,6218.0,366.75,158.75,411.0,927.0,797.65,1255.0,329.0,208.95,1160.0,3583.5,839.0,620.5,4291.25,1844.65
28-Sep-2022,1670.0,3451.0,7179.0,123.95,755.5,1227.5,844.0,733.9,2587.5,3529.0,18655.0,3817.9,2980.0,1665.0,1790.0,1379.0,518.35,310.0,2600.0,8720.0,676.7,3525.0,211.7,1101.0,2360.35,3650.0,396.0,96.55,1016.0,2669.95,4499.0,4229.0,532.9,1406.0,894.0,6150.0,368.0,157.8,394.9,913.0,795.95,1233.1,331.95,205.2,1155.2,3528.0,835.9,629.1,4178.15,1829.7
27-Sep-2022,1688.5,3454.85,7325.0,124.35,758.85,1266.0,864.95,746.35,2669.95,3543.8,18548.05,3806.45,3009.4,1665.0,1832.2,1393.45,525.4,307.0,2735.0,8890.0,683.3,3590.0,216.0,1070.95,2394.0,3672.0,396.8,101.35,1034.95,2676.0,4433.0,4335.0,544.55,1432.4,905.25,6208.0,375.3,159.4,403.9,911.25,784.8,1242.6,335.0,205.8,1166.45,3596.0,861.0,649.4,4148.5,1856.0
26-Sep-2022,1700.0,3370.0,7437.0,127.3,769.95,1271.8,870.0,759.0,2666.0,3669.85,18495.8,3796.7,2959.85,1677.05,1836.0,1360.0,535.0,312.0,2740.0,9270.3,698.0,3668.9,221.0,1065.7,2394.05,3634.8,392.0,104.4,1029.0,2668.5,4377.0,4418.45,545.8,1425.35,917.95,6119.95,390.0,162.45,416.0,891.25,779.0,1250.0,344.85,200.0,1170.0,3646.3,909.0,659.2,4119.2,1849.0
23-Sep-2022,1772.0,3435.0,7714.8,128.25,788.0,1274.0,901.7,789.0,2737.6,3764.0,18591.0,3825.95,3004.0,1733.0,1870.1,1367.5,542.75,315.5,2790.9,9397.95,724.0,3730.0,225.0,1067.25,2485.0,3580.1,398.1,106.2,1038.0,2697.9,4411.0,4610.0,564.8,1472.35,902.6,6260.0,410.7,167.15,431.9,896.5,803.0,1305.0,347.5,218.3,1210.0,3732.0,950.0,681.5,4163.0,1890.0
22-Sep-2022,1786.8,3356.05,7670.0,130.4,791.2,1297.0,906.0,805.0,2660.0,3680.0,18649.9,3764.0,2990.0,1719.85,1905.55,1366.35,545.1,319.0,2776.65,9199.0,709.1,3720.0,229.95,1061.15,2486.0,3570.0,398.0,104.45,1050.0,2623.1,4375.0,4569.55,566.75,1502.0,899.9,6300.0,409.0,167.0,425.0,897.6,800.55,1297.0,341.0,224.0,1219.0,3639.0,933.9,681.0,4110.1,1882.0
21-Sep-2022,1800.0,3405.0,7640.0,132.2,792.15,1309.3,912.0,809.25,2688.0,3720.0,18616.0,3646.0,3028.0,1739.0,1927.0,1379.9,558.0,323.5,2785.0,9300.0,717.0,3773.85,229.85,1100.0,2496.75,3633.7,405.9,105.8,1047.2,2582.0,4385.0,4556.0,575.0,1508.0,918.55,6500.0,417.9,171.0,433.95,909.0,804.2,1308.95,336.0,233.85,1260.0,3837.65,974.0,685.2,4219.95,1921.1
20-Sep-2022,1785.0,3335.6,7569.95,131.4,786.7,1309.85,909.2,806.8,2642.2,3624.65,18810.0,3610.35,3050.0,1760.0,1944.0,1407.95,550.8,322.55,2717.95,9339.0,715.85,3726.8,231.0,1041.5,2522.45,3637.65,406.0,104.2,1054.0,2598.6,4400.0,4316.5,577.95,1514.0,877.55,6492.7,416.0,171.9,430.6,902.3,797.0,1300.0,338.75,234.0,1241.25,3819.0,974.2,683.35,4112.0,1931.0
19-Sep-2022,1738.55,3320.65,7275.0,132.1,773.5,1278.5,904.95,789.3,2611.75,3549.95,18496.25,3635.0,3036.0,1740.0,1923.1,1392.0,550.0,322.95,2698.65,9175.3,706.95,3700.0,230.95,1043.95,2499.2,3574.0,405.0,106.2,1036.0,2531.0,4388.0,4295.9,560.7,1489.0,872.4,6395.0,414.6,173.5,431.5,897.95,799.2,1259.9,329.1,235.95,1226.0,3718.95,942.9,682.0,4070.0,1921.1
16-Sep-2022,1772.2,3412.4,7385.0,131.1,788.0,1289.0,914.9,786.05,2648.0,3635.0,19008.9,3703.55,3076.0,1799.9,1926.25,1425.0,568.0,331.4,2804.3,9209.5,746.35,3800.0,233.85,1038.5,2543.75,3619.9,412.75,106.2,1065.0,2555.0,4570.0,4342.0,569.1,1503.1,878.7,6790.05,424.0,173.95,446.0,915.1,839.7,1291.25,332.35,238.4,1195.85,3755.0,970.25,685.0,4185.0,1947.0
15-Sep-2022,1815.0,3440.0,7489.95,133.6,788.0,1309.85,920.0,805.5,2714.15,3559.55,19194.0,3765.0,3130.0,1786.0,1967.5,1475.0,578.4,336.75,2855.0,9030.05,750.0,3865.0,233.1,1060.0,2583.0,3670.1,419.7,108.65,1120.3,2580.0,4630.0,4449.75,572.55,1530.0,883.0,6909.0,439.5,174.4,452.4,936.5,844.5,1305.0,336.4,233.45,1219.0,3590.0,955.0,692.1,4235.25,1959.1
14-Sep-2022,1769.0,3380.0,7272.15,132.45,776.0,1304.95,898.25,794.4,2645.0,3452.0,18871.0,3708.0,3135.0,1764.0,1892.0,1497.0,580.0,335.7,2830.0,8859.85,748.0,3815.0,230.15,1040.0,2575.0,3605.3,409.0,106.3,1112.0,2550.0,4608.0,4405.35,550.0,1494.05,884.6,6790.0,426.0,165.0,447.6,933.3,842.9,1283.95,331.0,225.0,1148.6,3518.0,941.0,685.0,4165.35,1964.65
13-Sep-2022,1755.0,3432.0,7330.0,134.2,774.0,1312.55,913.95,805.0,2680.0,3555.0,18970.5,3665.0,3263.45,1771.0,1933.0,1551.9,605.0,343.05,2836.0,8972.3,759.0,3865.0,232.7,1057.05,2618.0,3680.0,424.9,108.0,1156.0,2598.0,4845.2,4520.0,560.0,1498.9,889.85,6899.0,432.25,166.95,454.3,955.0,829.95,1309.95,331.7,224.3,1145.0,3478.0,946.0,690.0,4264.05,1968.9
12-Sep-2022,17380.0,3441.85,7216.85,135.0,767.0,1297.8,905.05,789.0,2616.8,3484.0,19051.55,3640.2,3239.9,1747.0,1925.0,1525.8,578.0,338.5,2847.0,8969.9,745.7,3840.0,238.5,1058.3,2570.55,3610.4,419.85,106.8,1140.0,2591.0,4739.0,4473.0,554.9,1500.0,891.2,6783.65,432.0,167.45,447.7,955.15,820.4,1308.0,332.0,223.55,1144.3,3465.0,914.7,687.3,4260.0,1949.75
09-Sep-2022,17550.0,3483.7,7300.0,132.5,773.0,1322.05,910.15,787.95,2652.0,3460.0,19370.0,3685.5,3195.0,1772.5,1950.0,1488.0,586.0,341.5,2871.6,8834.65,742.0,3865.85,237.5,1060.0,2610.0,3571.0,417.0,107.0,1102.65,2598.0,4545.0,4436.9,549.65,1496.2,894.5,6930.0,426.0,167.65,447.5,939.0,827.0,1338.0,330.6,226.05,1119.0,3479.0,888.8,687.0,4272.5,1977.35
08-Sep-2022,17280.0,3450.0,7220.0,131.65,759.0,1338.0,885.5,761.75,2649.0,3400.6,19201.0,3683.0,3170.0,1757.3,1920.1,1475.0,579.85,330.0,2869.05,8829.0,744.85,3864.9,240.5,1058.5,2588.25,3608.0,410.0,108.4,1070.0,2580.0,4569.0,4400.0,536.0,1490.1,898.25,6844.0,435.5,168.0,452.45,936.4,829.25,1305.0,329.0,226.0,1103.0,3499.0,880.6,687.0,4296.95,1967.9
07-Sep-2022,16950.0,3392.0,7078.0,131.0,755.5,1304.0,878.55,743.15,2607.0,3360.7,19041.9,3600.0,3102.0,1710.0,1900.0,1440.0,570.0,323.35,2840.0,8864.0,736.05,3915.0,232.95,1033.85,2575.0,3577.0,402.1,107.55,1052.0,2571.8,4430.0,4379.2,534.4,1471.3,879.5,6460.0,424.25,168.5,453.2,927.0,815.0,1291.0,326.0,223.05,1095.0,3435.8,847.0,678.0,4215.0,1941.1
06-Sep-2022,17425.0,3420.0,7228.75,134.1,740.4,1293.0,882.5,758.0,2631.7,3412.0,19260.7,3672.0,3135.5,1704.0,1944.95,1461.3,576.4,326.0,2842.05,8984.3,749.7,3962.0,232.7,1025.0,2573.0,3594.85,407.0,107.4,1065.05,2591.2,4526.0,4298.9,538.0,1498.9,887.0,6540.0,430.45,165.8,462.7,936.0,841.65,1325.0,330.0,224.0,1115.0,3370.0,854.7,682.0,4230.0,1973.8
05-Sep-2022,17420.0,3425.05,7190.7,132.9,735.0,1294.65,871.55,750.2,2625.0,3444.95,19500.0,3681.0,3123.65,1692.95,1911.0,1451.0,574.0,322.0,2828.0,8900.0,741.35,4050.0,230.0,1012.5,2531.0,3590.0,407.0,106.05,1056.0,2597.0,4517.5,4282.0,537.0,1486.1,869.0,6575.0,415.0,162.6,459.75,926.0,834.0,1319.0,325.0,225.0,1099.5,3374.1,854.95,662.0,4195.0,1947.95
02-Sep-2022,17695.0,3489.0,7217.1,134.7,725.0,1303.05,874.1,749.0,2631.0,3451.0,19752.3,3736.75,3163.0,1685.4,1916.95,1478.0,575.0,332.5,2888.3,9026.5,760.25,4080.0,231.0,1024.0,2560.4,3607.0,412.55,107.0,1058.2,2615.0,4569.9,4309.8,537.0,1472.15,872.9,6640.0,424.1,163.0,470.85,931.2,845.0,1318.65,318.7,227.5,1116.95,3261.0,842.0,660.0,4223.15,1900.5
01-Sep-2022,16810.0,3315.0,7228.6,135.0,726.5,1291.1,863.0,733.5,2592.95,3241.0,19700.0,3730.0,3190.0,1660.5,1875.0,1460.05,576.85,325.5,2820.0,8949.95,764.05,4010.0,234.35,1026.0,2582.65,3577.3,409.9,107.0,1056.0,2650.0,4570.0,4298.0,522.25,1464.75,893.0,6629.0,424.0,161.5,462.5,917.3,809.65,1280.0,319.5,225.05,1097.65,3200.0,841.8,655.0,4216.0,1905.0
30-Aug-2022,16390.0,3331.0,7000.0,137.9,722.0,1300.1,860.5,733.0,2545.0,3321.8,19660.0,3717.0,3155.0,1670.2,1864.85,1473.1,563.5,326.25,2842.0,8884.8,754.25,4050.25,231.8,1018.5,2614.0,3585.0,409.15,106.5,1048.0,2588.7,4540.0,4251.5,518.2,1446.45,883.0,6538.85,434.0,161.8,458.65,926.9,809.0,1284.0,314.25,228.2,1071.8,3165.0,844.0,652.85,4214.0,1893.9
29-Aug-2022,15726.0,3247.0,6881.0,134.2,717.7,1256.0,850.05,730.0,2457.25,3289.0,19400.0,3618.0,3125.0,1634.0,1858.0,1468.55,555.0,325.0,2788.9,8602.6,750.0,4024.95,221.4,1000.0,2585.0,3525.0,405.0,104.05,1046.0,2550.0,4451.0,4100.0,511.3,1437.0,872.0,6402.0,418.05,161.8,451.0,912.6,790.0,1249.0,310.0,228.25,1050.0,3055.0,815.1,654.0,4170.0,1870.0
26-Aug-2022,16423.0,3379.35,7120.0,136.5,741.5,1306.0,874.15,748.0,2483.05,3440.0,19540.0,3664.85,3234.3,1629.95,1872.35,1535.15,574.9,333.9,2835.0,8800.0,766.5,4075.0,227.7,1030.9,2633.0,3555.0,418.5,107.25,1083.0,2599.9,4680.0,4207.0,523.8,1472.05,882.3,6507.45,436.2,159.0,465.0,948.55,805.9,1279.9,314.75,226.6,1098.0,3080.0,821.0,656.0,4273.0,1890.2
25-Aug-2022,16415.55,3375.0,7212.8,137.0,744.8,1288.0,873.3,753.9,2473.0,3455.0,19671.0,3677.45,3276.0,1617.0,1875.1,1548.0,569.5,330.0,2808.1,8721.0,762.5,4073.0,223.7,1043.95,2648.95,3510.0,419.3,107.05,1080.0,2601.2,4697.0,4215.0,521.95,1479.9,888.0,6530.0,430.95,161.35,466.0,953.9,808.0,1274.0,315.45,230.5,1109.0,3167.0,840.5,654.0,4239.15,1900.0
